--
-- PostgreSQL database dump
--

-- Dumped from database version 14.12 (Ubuntu 14.12-0ubuntu0.22.04.1)
-- Dumped by pg_dump version 14.12 (Ubuntu 14.12-0ubuntu0.22.04.1)

SET statement_timeout = 0;
SET lock_timeout = 0;
SET idle_in_transaction_session_timeout = 0;
SET client_encoding = 'UTF8';
SET standard_conforming_strings = on;
SELECT pg_catalog.set_config('search_path', '', false);
SET check_function_bodies = false;
SET xmloption = content;
SET client_min_messages = warning;
SET row_security = off;

SET default_tablespace = '';

SET default_table_access_method = heap;

--
-- Name: auth_group; Type: TABLE; Schema: public; Owner: taylor
--

CREATE TABLE public.auth_group (
    id integer NOT NULL,
    name character varying(150) NOT NULL
);


ALTER TABLE public.auth_group OWNER TO taylor;

--
-- Name: auth_group_id_seq; Type: SEQUENCE; Schema: public; Owner: taylor
--

ALTER TABLE public.auth_group ALTER COLUMN id ADD GENERATED BY DEFAULT AS IDENTITY (
    SEQUENCE NAME public.auth_group_id_seq
    START WITH 1
    INCREMENT BY 1
    NO MINVALUE
    NO MAXVALUE
    CACHE 1
);


--
-- Name: auth_group_permissions; Type: TABLE; Schema: public; Owner: taylor
--

CREATE TABLE public.auth_group_permissions (
    id bigint NOT NULL,
    group_id integer NOT NULL,
    permission_id integer NOT NULL
);


ALTER TABLE public.auth_group_permissions OWNER TO taylor;

--
-- Name: auth_group_permissions_id_seq; Type: SEQUENCE; Schema: public; Owner: taylor
--

ALTER TABLE public.auth_group_permissions ALTER COLUMN id ADD GENERATED BY DEFAULT AS IDENTITY (
    SEQUENCE NAME public.auth_group_permissions_id_seq
    START WITH 1
    INCREMENT BY 1
    NO MINVALUE
    NO MAXVALUE
    CACHE 1
);


--
-- Name: auth_permission; Type: TABLE; Schema: public; Owner: taylor
--

CREATE TABLE public.auth_permission (
    id integer NOT NULL,
    name character varying(255) NOT NULL,
    content_type_id integer NOT NULL,
    codename character varying(100) NOT NULL
);


ALTER TABLE public.auth_permission OWNER TO taylor;

--
-- Name: auth_permission_id_seq; Type: SEQUENCE; Schema: public; Owner: taylor
--

ALTER TABLE public.auth_permission ALTER COLUMN id ADD GENERATED BY DEFAULT AS IDENTITY (
    SEQUENCE NAME public.auth_permission_id_seq
    START WITH 1
    INCREMENT BY 1
    NO MINVALUE
    NO MAXVALUE
    CACHE 1
);


--
-- Name: auth_user; Type: TABLE; Schema: public; Owner: taylor
--

CREATE TABLE public.auth_user (
    id integer NOT NULL,
    password character varying(128) NOT NULL,
    last_login timestamp with time zone,
    is_superuser boolean NOT NULL,
    username character varying(150) NOT NULL,
    first_name character varying(150) NOT NULL,
    last_name character varying(150) NOT NULL,
    email character varying(254) NOT NULL,
    is_staff boolean NOT NULL,
    is_active boolean NOT NULL,
    date_joined timestamp with time zone NOT NULL
);


ALTER TABLE public.auth_user OWNER TO taylor;

--
-- Name: auth_user_groups; Type: TABLE; Schema: public; Owner: taylor
--

CREATE TABLE public.auth_user_groups (
    id bigint NOT NULL,
    user_id integer NOT NULL,
    group_id integer NOT NULL
);


ALTER TABLE public.auth_user_groups OWNER TO taylor;

--
-- Name: auth_user_groups_id_seq; Type: SEQUENCE; Schema: public; Owner: taylor
--

ALTER TABLE public.auth_user_groups ALTER COLUMN id ADD GENERATED BY DEFAULT AS IDENTITY (
    SEQUENCE NAME public.auth_user_groups_id_seq
    START WITH 1
    INCREMENT BY 1
    NO MINVALUE
    NO MAXVALUE
    CACHE 1
);


--
-- Name: auth_user_id_seq; Type: SEQUENCE; Schema: public; Owner: taylor
--

ALTER TABLE public.auth_user ALTER COLUMN id ADD GENERATED BY DEFAULT AS IDENTITY (
    SEQUENCE NAME public.auth_user_id_seq
    START WITH 1
    INCREMENT BY 1
    NO MINVALUE
    NO MAXVALUE
    CACHE 1
);


--
-- Name: auth_user_user_permissions; Type: TABLE; Schema: public; Owner: taylor
--

CREATE TABLE public.auth_user_user_permissions (
    id bigint NOT NULL,
    user_id integer NOT NULL,
    permission_id integer NOT NULL
);


ALTER TABLE public.auth_user_user_permissions OWNER TO taylor;

--
-- Name: auth_user_user_permissions_id_seq; Type: SEQUENCE; Schema: public; Owner: taylor
--

ALTER TABLE public.auth_user_user_permissions ALTER COLUMN id ADD GENERATED BY DEFAULT AS IDENTITY (
    SEQUENCE NAME public.auth_user_user_permissions_id_seq
    START WITH 1
    INCREMENT BY 1
    NO MINVALUE
    NO MAXVALUE
    CACHE 1
);


--
-- Name: authtoken_token; Type: TABLE; Schema: public; Owner: taylor
--

CREATE TABLE public.authtoken_token (
    key character varying(40) NOT NULL,
    created timestamp with time zone NOT NULL,
    user_id integer NOT NULL
);


ALTER TABLE public.authtoken_token OWNER TO taylor;

--
-- Name: cards; Type: TABLE; Schema: public; Owner: taylor
--

CREATE TABLE public.cards (
    id integer NOT NULL,
    name character varying(100),
    faction character varying(50),
    attack integer,
    defense integer,
    abilities text,
    image character varying(255),
    image_file character varying(255)
);


ALTER TABLE public.cards OWNER TO taylor;

--
-- Name: cards2; Type: TABLE; Schema: public; Owner: taylor
--

CREATE TABLE public.cards2 (
    id integer NOT NULL,
    "Name" text,
    "Errata, Clarification, and Misprint Notes" text,
    "Set" text,
    "Rarity" text,
    "Deck" text,
    "Cost" text,
    "Allegiance" text,
    "Talent Req" text,
    "Type" text,
    "Subtype 1" text,
    "Subtype 2" text,
    "Subtype 3" text,
    "Subtype 4" text,
    "Talent 1" text,
    "Talent 2" text,
    "Talent 3" text,
    "Command" text,
    "Resistance" text,
    "Operation Text" text,
    "Flavor Text" text,
    "Artist" text,
    image_file character varying(255),
    attack integer DEFAULT 0,
    defense integer DEFAULT 0
);


ALTER TABLE public.cards2 OWNER TO taylor;

--
-- Name: cards2_id_seq; Type: SEQUENCE; Schema: public; Owner: taylor
--

CREATE SEQUENCE public.cards2_id_seq
    AS integer
    START WITH 1
    INCREMENT BY 1
    NO MINVALUE
    NO MAXVALUE
    CACHE 1;


ALTER TABLE public.cards2_id_seq OWNER TO taylor;

--
-- Name: cards2_id_seq; Type: SEQUENCE OWNED BY; Schema: public; Owner: taylor
--

ALTER SEQUENCE public.cards2_id_seq OWNED BY public.cards2.id;


--
-- Name: cards_id_seq; Type: SEQUENCE; Schema: public; Owner: taylor
--

CREATE SEQUENCE public.cards_id_seq
    AS integer
    START WITH 1
    INCREMENT BY 1
    NO MINVALUE
    NO MAXVALUE
    CACHE 1;


ALTER TABLE public.cards_id_seq OWNER TO taylor;

--
-- Name: cards_id_seq; Type: SEQUENCE OWNED BY; Schema: public; Owner: taylor
--

ALTER SEQUENCE public.cards_id_seq OWNED BY public.cards.id;


--
-- Name: django_admin_log; Type: TABLE; Schema: public; Owner: taylor
--

CREATE TABLE public.django_admin_log (
    id integer NOT NULL,
    action_time timestamp with time zone NOT NULL,
    object_id text,
    object_repr character varying(200) NOT NULL,
    action_flag smallint NOT NULL,
    change_message text NOT NULL,
    content_type_id integer,
    user_id integer NOT NULL,
    CONSTRAINT django_admin_log_action_flag_check CHECK ((action_flag >= 0))
);


ALTER TABLE public.django_admin_log OWNER TO taylor;

--
-- Name: django_admin_log_id_seq; Type: SEQUENCE; Schema: public; Owner: taylor
--

ALTER TABLE public.django_admin_log ALTER COLUMN id ADD GENERATED BY DEFAULT AS IDENTITY (
    SEQUENCE NAME public.django_admin_log_id_seq
    START WITH 1
    INCREMENT BY 1
    NO MINVALUE
    NO MAXVALUE
    CACHE 1
);


--
-- Name: django_content_type; Type: TABLE; Schema: public; Owner: taylor
--

CREATE TABLE public.django_content_type (
    id integer NOT NULL,
    app_label character varying(100) NOT NULL,
    model character varying(100) NOT NULL
);


ALTER TABLE public.django_content_type OWNER TO taylor;

--
-- Name: django_content_type_id_seq; Type: SEQUENCE; Schema: public; Owner: taylor
--

ALTER TABLE public.django_content_type ALTER COLUMN id ADD GENERATED BY DEFAULT AS IDENTITY (
    SEQUENCE NAME public.django_content_type_id_seq
    START WITH 1
    INCREMENT BY 1
    NO MINVALUE
    NO MAXVALUE
    CACHE 1
);


--
-- Name: django_migrations; Type: TABLE; Schema: public; Owner: taylor
--

CREATE TABLE public.django_migrations (
    id bigint NOT NULL,
    app character varying(255) NOT NULL,
    name character varying(255) NOT NULL,
    applied timestamp with time zone NOT NULL
);


ALTER TABLE public.django_migrations OWNER TO taylor;

--
-- Name: django_migrations_id_seq; Type: SEQUENCE; Schema: public; Owner: taylor
--

ALTER TABLE public.django_migrations ALTER COLUMN id ADD GENERATED BY DEFAULT AS IDENTITY (
    SEQUENCE NAME public.django_migrations_id_seq
    START WITH 1
    INCREMENT BY 1
    NO MINVALUE
    NO MAXVALUE
    CACHE 1
);


--
-- Name: django_session; Type: TABLE; Schema: public; Owner: taylor
--

CREATE TABLE public.django_session (
    session_key character varying(40) NOT NULL,
    session_data text NOT NULL,
    expire_date timestamp with time zone NOT NULL
);


ALTER TABLE public.django_session OWNER TO taylor;

--
-- Name: gameapp_card; Type: TABLE; Schema: public; Owner: taylor
--

CREATE TABLE public.gameapp_card (
    id bigint NOT NULL,
    name character varying(255) NOT NULL,
    command character varying(255) NOT NULL,
    image_file character varying(255),
    allegiance character varying(255) NOT NULL,
    artist character varying(255) NOT NULL,
    cost character varying(255) NOT NULL,
    deck_id bigint NOT NULL,
    errata text,
    flavor_text text,
    operation_text text,
    rarity character varying(255) NOT NULL,
    resistance character varying(255) NOT NULL,
    set character varying(255) NOT NULL,
    subtype1 character varying(255),
    subtype2 character varying(255),
    subtype3 character varying(255),
    subtype4 character varying(255),
    talent1 character varying(255),
    talent2 character varying(255),
    talent3 character varying(255),
    talent_req character varying(255) NOT NULL,
    type character varying(255) NOT NULL
);


ALTER TABLE public.gameapp_card OWNER TO taylor;

--
-- Name: gameapp_card_id_seq; Type: SEQUENCE; Schema: public; Owner: taylor
--

ALTER TABLE public.gameapp_card ALTER COLUMN id ADD GENERATED BY DEFAULT AS IDENTITY (
    SEQUENCE NAME public.gameapp_card_id_seq
    START WITH 1
    INCREMENT BY 1
    NO MINVALUE
    NO MAXVALUE
    CACHE 1
);


--
-- Name: gameapp_deck; Type: TABLE; Schema: public; Owner: taylor
--

CREATE TABLE public.gameapp_deck (
    id bigint NOT NULL,
    name character varying(255) NOT NULL
);


ALTER TABLE public.gameapp_deck OWNER TO taylor;

--
-- Name: gameapp_deck_id_seq; Type: SEQUENCE; Schema: public; Owner: taylor
--

ALTER TABLE public.gameapp_deck ALTER COLUMN id ADD GENERATED BY DEFAULT AS IDENTITY (
    SEQUENCE NAME public.gameapp_deck_id_seq
    START WITH 1
    INCREMENT BY 1
    NO MINVALUE
    NO MAXVALUE
    CACHE 1
);


--
-- Name: token_blacklist_blacklistedtoken; Type: TABLE; Schema: public; Owner: taylor
--

CREATE TABLE public.token_blacklist_blacklistedtoken (
    id bigint NOT NULL,
    blacklisted_at timestamp with time zone NOT NULL,
    token_id bigint NOT NULL
);


ALTER TABLE public.token_blacklist_blacklistedtoken OWNER TO taylor;

--
-- Name: token_blacklist_blacklistedtoken_id_seq; Type: SEQUENCE; Schema: public; Owner: taylor
--

ALTER TABLE public.token_blacklist_blacklistedtoken ALTER COLUMN id ADD GENERATED BY DEFAULT AS IDENTITY (
    SEQUENCE NAME public.token_blacklist_blacklistedtoken_id_seq
    START WITH 1
    INCREMENT BY 1
    NO MINVALUE
    NO MAXVALUE
    CACHE 1
);


--
-- Name: token_blacklist_outstandingtoken; Type: TABLE; Schema: public; Owner: taylor
--

CREATE TABLE public.token_blacklist_outstandingtoken (
    id bigint NOT NULL,
    token text NOT NULL,
    created_at timestamp with time zone,
    expires_at timestamp with time zone NOT NULL,
    user_id integer,
    jti character varying(255) NOT NULL
);


ALTER TABLE public.token_blacklist_outstandingtoken OWNER TO taylor;

--
-- Name: token_blacklist_outstandingtoken_id_seq; Type: SEQUENCE; Schema: public; Owner: taylor
--

ALTER TABLE public.token_blacklist_outstandingtoken ALTER COLUMN id ADD GENERATED BY DEFAULT AS IDENTITY (
    SEQUENCE NAME public.token_blacklist_outstandingtoken_id_seq
    START WITH 1
    INCREMENT BY 1
    NO MINVALUE
    NO MAXVALUE
    CACHE 1
);


--
-- Name: cards id; Type: DEFAULT; Schema: public; Owner: taylor
--

ALTER TABLE ONLY public.cards ALTER COLUMN id SET DEFAULT nextval('public.cards_id_seq'::regclass);


--
-- Name: cards2 id; Type: DEFAULT; Schema: public; Owner: taylor
--

ALTER TABLE ONLY public.cards2 ALTER COLUMN id SET DEFAULT nextval('public.cards2_id_seq'::regclass);


--
-- Data for Name: auth_group; Type: TABLE DATA; Schema: public; Owner: taylor
--

COPY public.auth_group (id, name) FROM stdin;
\.


--
-- Data for Name: auth_group_permissions; Type: TABLE DATA; Schema: public; Owner: taylor
--

COPY public.auth_group_permissions (id, group_id, permission_id) FROM stdin;
\.


--
-- Data for Name: auth_permission; Type: TABLE DATA; Schema: public; Owner: taylor
--

COPY public.auth_permission (id, name, content_type_id, codename) FROM stdin;
1	Can add log entry	1	add_logentry
2	Can change log entry	1	change_logentry
3	Can delete log entry	1	delete_logentry
4	Can view log entry	1	view_logentry
5	Can add permission	2	add_permission
6	Can change permission	2	change_permission
7	Can delete permission	2	delete_permission
8	Can view permission	2	view_permission
9	Can add group	3	add_group
10	Can change group	3	change_group
11	Can delete group	3	delete_group
12	Can view group	3	view_group
13	Can add user	4	add_user
14	Can change user	4	change_user
15	Can delete user	4	delete_user
16	Can view user	4	view_user
17	Can add content type	5	add_contenttype
18	Can change content type	5	change_contenttype
19	Can delete content type	5	delete_contenttype
20	Can view content type	5	view_contenttype
21	Can add session	6	add_session
22	Can change session	6	change_session
23	Can delete session	6	delete_session
24	Can view session	6	view_session
25	Can add card	7	add_card
26	Can change card	7	change_card
27	Can delete card	7	delete_card
28	Can view card	7	view_card
29	Can add deck	8	add_deck
30	Can change deck	8	change_deck
31	Can delete deck	8	delete_deck
32	Can view deck	8	view_deck
33	Can add Token	9	add_token
34	Can change Token	9	change_token
35	Can delete Token	9	delete_token
36	Can view Token	9	view_token
37	Can add Token	10	add_tokenproxy
38	Can change Token	10	change_tokenproxy
39	Can delete Token	10	delete_tokenproxy
40	Can view Token	10	view_tokenproxy
41	Can add blacklisted token	11	add_blacklistedtoken
42	Can change blacklisted token	11	change_blacklistedtoken
43	Can delete blacklisted token	11	delete_blacklistedtoken
44	Can view blacklisted token	11	view_blacklistedtoken
45	Can add outstanding token	12	add_outstandingtoken
46	Can change outstanding token	12	change_outstandingtoken
47	Can delete outstanding token	12	delete_outstandingtoken
48	Can view outstanding token	12	view_outstandingtoken
\.


--
-- Data for Name: auth_user; Type: TABLE DATA; Schema: public; Owner: taylor
--

COPY public.auth_user (id, password, last_login, is_superuser, username, first_name, last_name, email, is_staff, is_active, date_joined) FROM stdin;
1	pbkdf2_sha256$720000$A6VXtrwJ7xLZ2yioWBkrIi$Cr2c5+tB4otGxdMPcQ2Z/ydUW9mU6ONhCdOS9CZjBa0=	2024-07-12 19:40:26.886269-07	t	dazd			zoomie067@yahoo.com	t	t	2024-07-12 19:40:01.327526-07
2	pbkdf2_sha256$720000$uF8Xn6diHT1ML3j98CyzmV$9j2c5SGr4k6BKsq6aczsZctKRXXSay1qL1VKR56cn6Y=	\N	f	Dazd			zoomie067@yahoo.com	f	t	2024-07-15 22:41:27.186381-07
3	pbkdf2_sha256$720000$02SW2T69lVN20b0BcN0Iro$BURxt2iHkbP8dIHfM61G1sscrI2lON4x/2ENDtP1scY=	\N	t	1234			1234@yahoo.com	t	t	2024-07-15 22:44:12-07
\.


--
-- Data for Name: auth_user_groups; Type: TABLE DATA; Schema: public; Owner: taylor
--

COPY public.auth_user_groups (id, user_id, group_id) FROM stdin;
\.


--
-- Data for Name: auth_user_user_permissions; Type: TABLE DATA; Schema: public; Owner: taylor
--

COPY public.auth_user_user_permissions (id, user_id, permission_id) FROM stdin;
\.


--
-- Data for Name: authtoken_token; Type: TABLE DATA; Schema: public; Owner: taylor
--

COPY public.authtoken_token (key, created, user_id) FROM stdin;
4a67520d4c04dc5906bd3a633ef776772e5d1ea6	2024-07-15 22:42:53.673182-07	2
39ade13591eee66f691fad9d723dd5dba9a507c5	2024-07-15 22:43:07.596368-07	1
323239922b5ec3a22b14271259cd84f6db9075db	2024-07-15 22:44:30.875066-07	3
\.


--
-- Data for Name: cards; Type: TABLE DATA; Schema: public; Owner: taylor
--

COPY public.cards (id, name, faction, attack, defense, abilities, image, image_file) FROM stdin;
\.


--
-- Data for Name: cards2; Type: TABLE DATA; Schema: public; Owner: taylor
--

COPY public.cards2 (id, "Name", "Errata, Clarification, and Misprint Notes", "Set", "Rarity", "Deck", "Cost", "Allegiance", "Talent Req", "Type", "Subtype 1", "Subtype 2", "Subtype 3", "Subtype 4", "Talent 1", "Talent 2", "Talent 3", "Command", "Resistance", "Operation Text", "Flavor Text", "Artist", image_file, attack, defense) FROM stdin;
2	Dune, Center of the Universe	Misprint in subtype 1, reprinted with correction	EotS	F	Imperial	7	NaN	NaN	Holding	Siridar Fife	Dune Fief	NaN	NaN	Battle 1	Arbitration 2	NaN	5	5	Engage to transfer up to 3 spice assigned to a target desert you govern to your hoard.	Also known as Dune, Arrakis is covered by vast deserts. It is the sole source in the universe of the spice, melange.	David Cherry	Dune.jpg	7	12
3	Arrakeen, Capital of Arrakis	NaN	EotS, JotC Deck, TaT Deck	F	Imperial	4	NaN	NaN	Holding	Dune Fief	City	NaN	NaN	Battle 1	NaN	NaN	3	6	Engage to produce 3 solaris in your treasury. If you govern Dune, produce 2 additional solaris.	Protected from the desert by the great Shield Wall, Arrakeen serves as the traditional seat of the planetary government.	Randy Asplund-Faith	Arrakeen.jpg	8	13
5	Imperial Basin, Arrakeen Valley	Errata to command, reprinted in TaT Deck with correction	EotS, JotC Deck	F	Imperial	3	NaN	NaN	Holding	Dune Fief	Desert	NaN	NaN	Battle 0	NaN	NaN	2\n(Errata:\nNone, \ndefault 1)	4	Engage to produce 1 spice assigned to the Imperial Basin. Or, engage to produce 1 spice in the Guild hoard. If produced in the Guild hoard, reset the CROE.	Sandmasters prefer the Imperial Basin because of its proximity to Arrakeen.	Corey Macourek	Imperial_Basin.jpg	10	15
6	The Minor Erg, Desert Expanse	NaN	EotS, JotC Deck, TaT Deck	F	Imperial	3	NaN	NaN	Holding	Dune Fief	Desert	NaN	NaN	Battle 0	NaN	NaN	1	5	Engage to produce 1 spice assigned to the Minor Erg. Or, engage to produce 1 spice in the Guild hoard. If produced in the Guild hoard, reset the CROE.	Defined by the looming Shield Wall, the Minor Erg is a prime harvesting area.	Corey Macourek	The_Minor_Erg.jpg	11	16
7	The Open Bled, Desert Sea	NaN	EotS, JotC Deck, TaT Deck	F	Imperial	3	NaN	NaN	Holding	Dune Fief	Desert	NaN	NaN	Battle 0	NaN	NaN	1	5	Engage to produce 1 spice assigned to the Open Bled. Or, engage to produce 1 spice in the Guild hoard. If produced in the Guild hoard, reset the CROE.	Sandworms as long as 450 meters have been reported in the open desert.	Corey Macourek	The_Open_Bled.jpg	12	17
8	Caladan	NaN	EotS	F	Imperial	5	Atreides	NaN	Holding	Home World	Fief	NaN	NaN	Battle 2	NaN	NaN	3	5	Engage to produce 5 solaris to your treasury.	A planet with vast oceans, Caladan serves as a harsh contrast to the unfogiving climate of Arrakis.	David Cherry	Caladan.jpg	13	18
9	Forbidden Zone	Errata to subtype 2, unknown if reprinted with correction	EotS	F	Imperial	5	Fremen	NaN	Holding	Home World	Fief\n(ERRATA: has\nDune Fief subtype)	NaN	NaN	Battle 1	NaN	NaN	4	5	Engage to produce 3 solaris in your treasury. When deploying Dune do not subdue Forbidden Zone.	Deep in the desert of Arrakis, the Fremen are slowly building their strength.	David Leri	Forbidden_Zone.jpg	14	19
28	Spotter Control, Harvesting Union	NaN	EotS, JotC Deck	IR	Imperial	2	NaN	NaN	Holding	Charter	Dune Contract	NaN	NaN	Arbitration 0	NaN	NaN	2	4	when spice tokens are produced by a desert holding or Spice Blow event, produce 1 solari per spice in your treasury.	Well-trained spotters are an essential part of any spice mining operation. Old timers call them the 'eyes of the desert.'	John Monteleone	Spotter_Control.jpg	13	38
36	Gurney Halleck, Troubadour-Warrior	NaN	EotS	F	Imperial	2	Atreides	NaN	Persona	Ally	Vassal	Officer	NaN	Battle 3	Dueling 1	NaN	2	3	When participating in a duel or battle in which there are Harkonnen participants, Gurney generates +2 force and gains +1 resistance.	A brilliant commander, Halleck has the heart of a warrior and the soul of a poet.	Mark Zug	Gurney_Halleck.jpg	21	16
37	Paul Atreides, Son of Duke Leto	NaN	EotS	F	Imperial	4	Atreides	NaN	Persona	Ally	Noble	Heir	NaN	Dueling 3	Weirding 1	Prescience 1	2	3	Engage to examine a target subdued event.	The heir of House Atreides, Paul's visionary abilities are just beginning to awaken. The Bene Gesserit suspect that he may be the Kwisatz Haderach.	Mark Zug	Paul_Atreides.jpg	22	17
41	Lady Margot, Breeding Mistress	NaN	EotS	F	Imperial	3	Bene Gesserit	NaN	Persona	Ally	Noble	Sister	Adept	Intrigue 3	Weirding 2	NaN	0	3	Capture a target noble vanquished during an intrigue in which Lady Margot is a participant.	Though devoted to her husband Count Fenring, Lady Margot's loyalty rests firmly in the arms of the Sisterhood.	Fred Fields	Lady_Margot.jpg	6	21
42	Princess Irulan, Daughter of Shaddam	NaN	EotS	F	Imperial	4	Bene Gesserit	NaN	Persona	Ally	Noble	Heir	Sister	Weirding 2	Arbitration 2	NaN	1	3	Irulan gains Surprise during arbitration rites. If you govern Shaddam IV, Irulan gains Corrino allegiance, +1 command and +1 arbitration.	The daughter of the Emperor, Irulan is a valuable asset for the Sisterhood.	Fred Fields	Princess_Irulan.jpg	7	22
10	Giedi Prime	NaN	EotS	F	Imperial	5	Harkonnen	NaN	Holding	Home World	Fief	NaN	NaN	Battle 1	NaN	NaN	2	6	Engage to produce 5 solaris to your treasury.	The Harkonnen homeworld is a post-industrial wasteland where oppression and paranoia are the order of the day.	David Cherry	Giedi_Prime.jpg	15	20
11	Kaitan	NaN	EotS	F	Imperial	5	Corrino	NaN	Holding	Home World	Fief	NaN	NaN	Battle 1	NaN	NaN	4	5	Engage to produce 5 solaris to your treasury.	A great ringed planet, Kaitan is the adopted homeworld of the Padishah Emperors. It is the center of the Imperial government and home to the golden lion throne of House Corrino.	Rob Alexander	Kaitan.jpg	16	21
45	Count Hasmir Fenring	NaN	EotS	F	Imperial	4	Corrino	NaN	Persona	Ally	Noble	Count	NaN	Dueling 4	Intrigue 1	NaN	1	3	Fenring may counter during duels targeting Corrino personas. When countering, Fenring gains +1 resistance.	A close friend of the Emperor, the Count is widely recognized as one of the most deadly swordsmen in the universe.	Doug Beekman	Count_Hasimir_Fenring.jpg	10	25
49	Shaddam IV, Padishah Emperor	NaN	EotS	F	Imperial	5	Corrino	NaN	Persona	Ally	Noble	Emperor	NaN	Arbitration 4	Intrigue 1	NaN	4	3	During petitions targeting holdings, you may increase the bid as if you had an additional 5 solaris in your treasury. If you are the victor and cannot pay the full deployment cost, you may subdue Shaddam IV instead of losing favor.	NaN	Doug Beekman	Shaddam_IV.jpg	14	29
50	Chani, Daughter of Liet	NaN	EotS	F	Imperial	4	Fremen	NaN	Persona	Ally	Vassal	Native	NaN	Dueling 2	Intrigue 2	NaN	1	3	Chani may Counter during duels targeting Fremen personas. When countering, Chani gains +1 resistance.	"I am Chani, daughter of Liet. I would not have permitted you to harm my tribe."	Terry Pavlet	Chani.jpg	15	30
51	Jamis, Fremen Warrior	NaN	EotS	F	Imperial	3	Fremen	NaN	Persona	Ally	Vassal	Native	NaN	Dueling 3	Battle 1	NaN	1	3	Ignore all effects generated by Counter tactics/operations when Jamis leads a dueling rite.	One of the deadliest warriors of Sietch Tabr, Jamis' skill with the crysknife is feared throughout the deserts of Arrakis.	NaN	Jamis.jpg	16	31
53	Stilgar, Naib of Sietch Tabr	NaN	EotS	F	Imperial	5	Fremen	NaN	Persona	Ally	Vassal	Naib	Native	Battle 3	Dueling 1	NaN	3	3	Stilgar gains Surprise when leading battle rites.	Stilgar is the Naib of his sietch and a great leader among the Fremen of Arrakis. The keeper of the kiswa maker hook of Sietch Tabr, he is a legendary sandrider.	Mark Zug	Stilgar.jpg	18	33
56	Feyd Rautha, Nephew of the Baron	NaN	EotS	F	Imperial	4	Harkonnen	NaN	Persona	Ally	Noble	Heir	NaN	Dueling 3	Intrigue 1	NaN	2	3	Feyd gains Surprise when participating in dueling rites.	"All I see is an Atreides I want to kill."	Mark Zug	Feyd_Rautha.jpg	21	36
57	Glossu Rabban, Count of Lankiveil	NaN	EotS	F	Imperial	3	Harkonnen	NaN	Persona	Ally	Noble	Count	NaN	Battle 3	NaN	NaN	2	3	Rabban may Direct when leading battle rites.	A nephew of Baron Vladimir Harkonnen, Rabban's sadistic tendencies are well-known. On Arrakis, his reputation for brutality has earned him the name "Beast Rabban."	Mark Zug	Glossu_Rabban.jpg	22	37
12	Tupile	NaN	EotS	F	Imperial	5	Spacing Guild	NaN	Holding	Home World	Fief	NaN	NaN	Battle 0	NaN	NaN	5	3	Engage to produce 4 solaris in your treasury. Tupile may not be declared the target of a battle.	Its location known only to Guild Navigators, Tupile is a sanctuary planet for renegade Houses who flee the Imperium.	David Cherry	Tupile.jpg	17	22
13	Wallach IX	NaN	EotS	F	Imperial	5	Bene Gesserit	NaN	Holding	Home World	Fief	NaN	NaN	Battle 1	NaN	NaN	3	6	Engage to produce 4 solaris in your treasury. Or, engage to increase your favor by 3.	Haven to the Mother School of the ancient Bene Gesserit Sisterhood, Wallach IX is a wild planet well suited for training the minds and bodies of the Sisterhood's initiates.	Rob Alexander	Wallach_IX.jpg	18	23
15	Caladanan Exports	Errata to resistance, reprinted in TaT Atreides deck	EotS	F	Imperial	2	Atreides	NaN	Holding	Charter	Directorship	NaN	NaN	Arbitration 0	NaN	NaN	2	2\n(ERRATA:\nHas\nResistance 6.)	Engage to produce 3 solaris in your treasury.	Caladan exports its raw materials and agricultural products throughout the Imperium.	Mark Poole	Caladanan_Exports.jpg	20	25
16	CHOAM Directorship	NaN	EotS, JotC Deck, TaT Deck	IR	Imperial	3	NaN	NaN	Holding	Charter	Directorship	NaN	NaN	Arbitration 0	NaN	NaN	3	5	Engage to produce X solaris in your treasury. X equals the current CROE.	All Houses covet these appointments. A seat on the CHOAM Board of Directors bestows great economic and mercantile power.	Lawrence Snelly	CHOAM_Directorship.jpg	21	26
17	Exchange Seat, CHOAM Chairmanship	NaN	EotS, JotC Deck, TaT Deck	IR	Imperial	3	NaN	NaN	Holding	Charter	Directorship	NaN	NaN	Arbitration 0	NaN	NaN	3	6	When a rival transfers spice during an exchange operation, produce 1 solari in your house treasury per spice transferred.	The Chairman of the CHOAM Exchange enjoys unrivaled economic power.	Doug Beekman	Exchange_Seat.jpg	22	27
18	Harkonnen Industries	NaN	EotS, Tat Deck	F	Imperial	2	Harkonnen	NaN	Holding	Charter	Directorship	NaN	NaN	Arbitration 0	NaN	NaN	2	6	Engage to produce 3 solaris in your treasury.	Giedi Prime is a dark and forboding world of metal and industry. Its massive factories produce goods and materials for export throughout the known universe.	Doug Chaffee	Harkonnen_Industries.jpg	23	28
19	Harvesting Contract	NaN	EotS, JotC Deck	IR	Imperial	4	NaN	NaN	Holding	Charter	Dune Contract	NaN	NaN	Arbitration 1	NaN	NaN	3	6	Engage to produce X solaris in your treasury. X equals the total number of deserts, Spice Harvesters, and Carryalls governed by your rivals.	The Governor of Arrakis dispenses all Harvesting Contracts.	Darryl Elliot	Harvesting_Contract.jpg	24	29
20	Imperial Revenues	NaN	EotS, TaT Deck	F	Imperial	4	Corrino	NaN	Holding	Charter	Directorship	NaN	NaN	Arbitration 0	NaN	NaN	4	5	Each time a holding is deployed by a rival, produce 2 solaris in your treasury.	Imperial Revenues consis of holding tithes, Landsraad dues, and gifts to the Emperor and Imperial custodians. Befriending the Emperor has its advantages.	Terry Pavlet	Imperial_Revenues.jpg	5	30
21	Imperial Suk School Profits	NaN	EotS, JotC Deck, TaT Deck	IR	Imperial	3	NaN	NaN	Holding	Charter	Partnership	NaN	NaN	Arbitration 0	NaN	NaN	2	6	Engage to produce 4 solaris in your treasury.	Physicians with the Imperial Conditioning are sought throughout the universe. Theirs is a sacred oath to preserve life in all of its forms.	David Cherry	Imperial_Suk_School_Profits.jpg	6	31
64	Oberon, Third Stage Navigator	NaN	EotS	F	Imperial	5	Spacing Guild	NaN	Persona	Ally	Vassal	Navigator	NaN	Prescience 4	Arbitration 2	NaN	3	3	Engage to assign X deferment tokens to a target subdued Imperium event. X equals Oberon's prescience rank.	A high-ranking official of the all-powerful Spacing Guild, Oberon rarely emerges from his vast sanctuary on Argosa X.	Fred Fields	Oberon.jpg	9	14
68	Fremen Naib, Sietch Leader	NaN	EotS	R	House	3	Fremen	NaN	Persona	Aide	Naib	Native	NaN	Battle 2	NaN	NaN	2	3	Naib may Direct when leading battle rites.	Naibs among the Fremen rule by virtue of their wisdom and martial prowess. If they lose the faith of their tribe, they may be challenged to single combat and unseated.	Doug Beekman	Fremen_Naib.jpg	13	18
70	Guild Navigator, Heighliner Steersman	NaN	EotS	R	House	3	Spacing Guild	NaN	Persona	Aide	Navigator	NaN	NaN	Prescience 1	Intrigue 1	NaN	1	2	Engage to generate X spice in the Guild hoard. X equals the Navigator's prescience rank.	Navigators use their prescient abilities to fold space, allowing the Guild's massive heighliners to travel among the stars.	Lawrence Snelly	Guild_Navigator.jpg	15	20
78	Leven Breche, Sardaukar Officer	NaN	EotS	R	House	3	Corrino	NaN	Persona	Aide	Sardaukar	Officer	NaN	Battle 2	NaN	NaN	2	2	Levenbreche may Direct when leading during battle rites.	Ruthless and single-minded, the Imperial Sardaukar are bred for war. They know nothing else.	Doug Beekman	Leven_Breche.jpg	23	28
22	Machines from Ix	NaN	EotS, JotC Deck	IR	Imperial	4	NaN	NaN	Holding	Charter	Partnership	NaN	NaN	Arbitration 0	NaN	NaN	3	6	Each time a rival deploys an equipment resource, produce 1 solari in your treasury.	Skirting the prohibitions set forth during the Great Revolt, Ixian technology is coveted throughout the known universe.	Doug Chaffee	Machines_from_Ix.jpg	7	32
23	Military Appropriations	Has been reprinted in each expansion, each is different, TaT Deck reprint is likely correct version	EotS	IR	Imperial	4	NaN	NaN	Holding	Charter	Directorship	NaN	NaN	Arbitration 0	NaN	NaN	3	7	Engage to deploy a battalion at no cost. A subdued target need not be assigned deferment tokens prior to development.	It is difficult to block military appropriations since the Emperor obstructs all attempts to inspect funding for the Sardaukar.	David Leri	Military_Appropriations.jpg	8	33
24	Sisterhood Convent	NaN	EotS	F	Imperial	2	Bene Gesserit	NaN	Holding	Charter	Directorship	NaN	NaN	Arbitration 0	NaN	NaN	2	6	When a rival buys favor, produce 1 solari in your treasury for each point of favor purchased.	The covert support of the Bene Gesserit Sisterhood is often powerful enough to sway even the Emperor.	Larry Elmore	Sisterhood_Convent.jpg	9	34
26	Smuggler Bribes	NaN	EotS, JotC Deck	IR	Imperial	3	NaN	NaN	Holding	Charter	Dune Tithe	NaN	NaN	Arbritration 1	NaN	NaN	2	5	Engage to produce 1 spice in your hoard.	Because of its hidden wealth, Arrakis is a popular haven for smugglers. For a share of the spoils, most Houses will look the other way.	Darryl Elliot	Smuggler_Bribes.jpg	11	36
27	Spacing Industries	NaN	EotS, JotC Deck, TaT Deck	IR	Imperial	3	NaN	NaN	Holding	Charter	Partnership	NaN	NaN	Arbitration 0	NaN	NaN	3	5	Engage to produce 4 solaris in your treasury.	The Spacing Guild can be a profitable ally. Any who wish to travel among the stars must arrange passage with the Guild.	Mark Maxwell	Spacing_Industries.jpg	12	37
29	Suspensor Technologies	NaN	EotS, JotC Deck, TaT Deck	IR	Imperial	2	NaN	NaN	Holding	Charter	Partnership	NaN	NaN	Arbitration 0	NaN	NaN	2	6	Engage to produce 3 solaris in your treasury.	Gravity-defying suspensors have diverse commercial applications as well as industrial uses. For decades, partnerships with the Richese government have been considered a sound investment.	Larry Elmore	Suspensor_Technologies.jpg	14	39
30	Trespass Accord	NaN	EotS	F	Imperial	2	Fremen	NaN	Holding	Charter	Dune Contract	NaN	NaN	Arbitration 0	NaN	NaN	3	4	Each time a desert is engaged, produce 2 solaris in your treasury.	Nothing in the desert escapes the notice of the Fremen. But a well-timed gift can make a friend of a foe.	Darryl Elliot	Trespass_Accord.jpg	15	10
33	Dr. Wellington Yueh	NaN	EotS	IR	Imperial	2	Atreides	NaN	Persona	Ally	Vassal	Suk Physician	NaN	Intrigue 2	Weirding 1	NaN	2	2	Engage to discard a target sickness enhancement.	A recipient of the Imperial Conditioning, Yueh is the House physician of the Atreides.	Mark Zug	Dr._Wellington_Yueh.jpg	18	13
34	Duke Leto Atreides	NaN	EotS	F	Imperial	5	Atreides	NaN	Persona	Ally	Noble	Duke	NaN	Arbitration 4	Dueling 1	NaN	3	3	Initiative (declaration). Engage to add +X to your declared favor. X equals Leto's command rank.	The noble leader of House Atreides, Duke Leto enjoys great popularity in the Landsraad.	Mark Zug	Duke_Leto_Atreides.jpg	19	14
35	Duncan Idaho	NaN	EotS	IR	Imperial	3	Atreides	NaN	Persona	Ally	Vassal	Swordmaster	NaN	Dueling 3	Battle 1	NaN	2	3	Duncan may Counter during any dueling rite targeting an Atreides persona.	One of Paul's instructors and a master swordsman, Idaho is a loyal retainer of House Atreides.	Mark Zug	Duncan_Idaho.jpg	20	15
38	Thufir Hawat	NaN	EotS	IR	Imperial	4	Atreides	NaN	Persona	Ally	Vassal	Mentat	NaN	Intrigue 5	Arbitration 1	NaN	2	3	When participating in an Intrigue rite, Thufir gains +1 resistance.	The Duke's mentat, Thufir Hawat has served House Atreides for three generations. His mental prowess is revered throughout the known universe.	Mark Zug	Thufir_Hawat.jpg	23	18
39	Gaius Helen Mohiam	NaN	EotS	F	Imperial	5	Bene Gesserit	NaN	Persona	Ally	Vassal	Reverend Mother	NaN	Weirding 4	Prescience 2	NaN	0	3	Initiative Tactic (declaration). Engage to reduce a target rival's declared favor by X. X may not exceed Mohiam's weirding rank.	As the Emperor's truthsayer, Mohiam uses her position to advance the cause of the Bene Gesserit Sisterhood.	Fred Fields	Gaius_Helen_Mohiam.jpg	24	19
40	Lady Jessica	NaN	EotS	IR	Imperial	4	Bene Gesserit	NaN	Persona	Ally	Noble	Sister	Adept	Weirding 3	Intrigue 1	NaN	0	3	Jessica may counter during any rite except battle. If you govern Leto or Paul Atreides, Jessica adopts Atreides allegiance and gains +2 resistance.	The concubine of Duke Leto, Jessica enjoys formidable powers of her own.	Fred Fields	Lady_Jessica.jpg	5	20
43	Sister Ramallo	NaN	EotS	IR	Imperial	2	Bene Gesserit	NaN	Persona	Ally	Vassal	Reverend Mother	NaN	Weirding 3	Prescience 1	NaN	0	3	Engage to assign X deferment tokens to a target subdued Dune event. X equals Ramallo's prescience rank. If you govern Dune or the Forbidden Zone, Sister Ramallo gains Fremen allegiance and +1 prescience rank.	NaN	Mark Zug	Sister_Ramallo.jpg	8	23
44	Commander Aramsham	NaN	EotS	F	Imperial	3	Corrino	NaN	Persona	Ally	Vassal	Swordmaster	NaN	Battle 3	NaN	NaN	2	3	Aramsham gains Surprise when leading battle rites.	As a commander of the Emperor's dreaded Sardaukar legions, Aramsham wields immense power.	Doug Beekman	Commander_Aramsham.jpg	9	24
47	Doctor Kynes	NaN	EotS	IR	Imperial	4	Corrino	NaN	Persona	Ally	Vassal	Native	NaN	Arbitration 2	Battle 1	NaN	2	3	If you govern Dune, Kynes adopts Fremen allegiance, gaining +2 command and +1 battle rank.	Dr. Kynes has been on Arrakis in the service of the Emperor long enough for his eyes to change.	Doug Beekman	Doctor_Kynes.jpg	12	27
48	Jareh Benquait	NaN	EotS	IR	Imperial	2	Corrino	NaN	Persona	Ally	Vassal	Smuggler	Native	Battle 2	Intrigue 1	NaN	2	2	Jareh may Direct when leading a battle rite targeting a desert. If target desert is vanquished, transfer any assigned spice to your hoard.	Jareh operates from the shadows and knows the desert well.	Doug Beekman	Jareh_Benquait.jpg	13	28
116	Timed Drug, Sleeping Narcotic	NaN	EotS	R	House	3	NaN	NaN	Resource	Enhancement	Sickness	NaN	NaN	NaN	NaN	NaN	NaN	NaN	Assign to a target persona. If target becomes subdued, do not subdue Timed Drug. When subdued, target may not be deployed until it has been assigned a number of deferment tokens equal to its deployment cost.	NaN	David Fooden	Timed_Drug.jpg	21	36
118	Truthsayer	Reprint correcting name, may not exist	EotS	R	House	5	NaN	Prescience 3	Resource	Enhancement	Title	NaN	NaN	NaN	NaN	NaN	NaN	NaN	Limit 1. Assign to a target Reverend Mother. Engage target to reduce a rival's favor by X. X equals the target's prescience rank.	"A full truthsayer is a valuable addition to any noble's retinue."	Doug Beekman	Truth_sayer.jpg	23	38
123	Baliset, Stringed Instrument	NaN	EotS, JotC Deck, TaT Deck	C	House	3	NaN	NaN	Resource	Equipment	Device	NaN	NaN	NaN	NaN	NaN	NaN	NaN	Limit 1. Assign to a target persona. Engage target to disengage a target persona or personnel card you govern.	Its dulcet tones make the baliset the favored instrument of the legendary troubador-warrior, Gurney Halleck.	Christina Wald	Baliset.jpg	8	13
124	Carryall, Harvester Transport	NaN	EotS	C	House	2	NaN	NaN	Resource	Equipment	Transport	NaN	NaN	NaN	NaN	NaN	NaN	NaN	Assign to a target Spice Harvester. Declaration Tactic. Engage to transfer the Harvester and Carryall to a target Dune fief you govern. The Harvester maintains its current status when transferred.	Each Carryall can transport several harvesters.	Randy Asplund-Faith	Carryall.jpg	9	14
125	Crysknife, Blade Weapon	NaN	EotS	R	House	2	Fremen	NaN	Resource	Equipment	Weapon	Blade	NaN	NaN	NaN	NaN	NaN	NaN	Limit 1. Assign to a target persona not currently assigned a blade. Target generates +1 force and gains +1 resistance during dueling rites.	Crysknives are sacred Fremen weapons, carved from the teeth of sandworms.	Randy Asplund-Faith	Crysknife.jpg	10	15
127	Flip Dart, Concealed Needle	Misprint in title, errata for operation text, reprinted in TaT Deck with corrections	EotS, JotC Deck, TaT Deck	R	House	2	NaN	Intrigue 1	Resource	Equipment	Weapon	Needle	NaN	NaN	NaN	NaN	NaN	NaN	Limit 1. Assign to a target persona. Target generates +2 force during intrigue rites. (Errata: Poison Effect.)	These devices are popular dueling weapons among those with low scruples.	Christina Wald	Flip_Dart.jpg	12	17
52	Korba	NaN	EotS	IR	Imperial	4	Fremen	NaN	Persona	Ally	Vassal	Officer	Native	Battle 2	Dueling 2	NaN	3	3	When leading a battle rite, Korba generates +1 force per additional participant.	A great warrior among the Fremen, Korba is known for his ruthlessness in battle and his unswerving loyalty to the sietch.	Mark Zug	Korba.jpg	17	32
54	The Shadout Mapes	NaN	EotS	IR	Imperial	2	Fremen	NaN	Persona	Ally	Vassal	Native	NaN	Intrigue 2	NaN	NaN	1	3	Mapes may counter during intrigue rites. Intrigue Tactic (declaration). Engage to discard a target intrigue venture.	"I must cleanse the way between us. You have saved my life, and we Fremen pay our debts."	Mark Zug	The_Shadout_Mapes.jpg	19	34
55	Baron Vladimir Harkonnen	NaN	EotS	F	Imperial	5	Harkonnen	NaN	Persona	Ally	Noble	Baron	NaN	Arbitration 4	Intrigue 2	NaN	3	3	Initiative tactic (declaration). Engage and pay X solaris to increase or decrease your declared favor by X. X may not exceed the Baron's command rank.	The insidious leader of House Harkonnen, the Baron is a cunning diplomat.	Mark Zug	Baron_Vladimir_Harkonnen.jpg	20	35
58	Iaken Nefud	NaN	EotS	IR	Imperial	2	Harkonnen	NaN	Persona	Ally	Vassal	Officer	NaN	Dueling 1	Battle 1	Intrigue 1	2	2	Engagement Tactic. Engage to add +2 to the resistance of a target participant you govern during a battle or intrigue rite.	The Baron's lieutenant, Nefud has unswerving loyalty to House Harkonnen.	Mark Zug	Iaken_Nefud.jpg	23	38
59	Piter de Vries	NaN	EotS	IR	Imperial	4	Harkonnen	NaN	Persona	Ally	Vassal	Mentat	NaN	Intrigue 4	Arbitration 1	NaN	1	3	Intrigue Tactic (engagement). Capture a target persona vanquished during an intrigue in which Piter is a participant.	"It is by will alone I set my mind in motion. It is by the juice of Sapho that thoughts acquire speed…"	Mark Zug	Piter_de_Vries.jpg	24	39
61	Dorvin Saeth, Comptroller	NaN	EotS	F	Imperial	3	Spacing Guild	NaN	Persona	Ally	Vassal	Officer	NaN	Arbitration 2	Intrigue 2	NaN	1	3	Saeth may Counter during arbitration and intrigue rites.	Saeth is known as something of a vagabond within the guild. He travels from system to system, personally overseeing many of the Guild's vast planetary holdings.	Doug Beekman	Dorvin_Saeth.jpg	6	11
62	Gauvir Mucca, Lesser Navigator	NaN	EotS	F	Imperial	4	Spacing Guild	NaN	Persona	Ally	Vassal	Mentat	Navigator	Intrigue 3	Prescience 2	NaN	2	3	Engage to examine up to X subdued events governed by a target rival. X equals Mucca's prescience rank.	Mucca is an unusual hybrid - a mentat with visionary abilities. The Guild often uses him to handle delicate negotiations.	Fred Fields	Gauvir_Mucca.jpg	7	12
63	Liscia Theirese	NaN	EotS	IR	Imperial	4	Spacing Guild	NaN	Persona	Ally	Vassal	Assassin	NaN	Intrigue 4	Dueling 1	NaN	1	3	Discard a target aide vanquished during an intrigue rite in which Liscia is a participant.	Liscia's catlike grace is legendary. Her reputation often precedes her, since most Houses realize that a visit from Liscia is rarely a social call.	Doug Beekman	Liscia_Theirese.jpg	8	13
66	CHOAM Delegate	NaN	EotS, TaT Deck	C	House	2	NaN	NaN	Persona	Aide	Delegate	NaN	NaN	Arbitration 2	NaN	NaN	1	2	CHOAM Delegate may Counter during Arbitration rites.	CHOAM delegates travel the universe on the business of the Emperor, administering CHOAM contracts and directorships.	Brian Durfee	CHOAM_Delegate.jpg	11	16
67	Dune Smuggler	NaN	EotS, JotC Deck, TaT Deck	C	House	2	NaN	NaN	Persona	Aide	Smuggler	Native	NaN	Battle 2	NaN	NaN	1	2	Dune smuggler gains Surprise when participating in a battle in which a desert is also a participant.	Most smugglers quickly learn the ways of the deep desert. For them, the desert is often the only friend they need…	Doug Beekman	Dune_Smuggler.jpg	12	17
69	Guard Commander	NaN	EotS, JotC Deck, TaT Deck	C	House	2	NaN	NaN	Persona	Aide	Officer	NaN	NaN	Battle 2	NaN	NaN	1	2	Guard Commander may Counter during battle rites.	The House Guard of a noble usually contains his most trusted soldiers. After all, the lives of his family - and often his heir - are in their hands.	Walter Velez	Guard_Commander.jpg	14	19
71	Harkonnen Slavemaster	Reprint in TaT Deck adds Officer to Subtype 3, likely an errata	EotS, TaT Deck	R	House	3	Harkonnen	NaN	Persona	Aide	Slavemaster	NaN	NaN	Intrigue 1	NaN	NaN	2	3	Engage to discard X deferment tokens from a target subdued persona. X equals the Slavemaster's intrigue rank.	It is said that the walls from the slave pits on Giedi Prime can be heard throughout the universe.	Doug Beekman	Harkonnen_Slavemaster.jpg	16	21
72	House Agent	NaN	EotS, JotC Deck, TaT Deck	C	House	2	NaN	NaN	Persona	Aide	Spy	NaN	NaN	Intrigue 2	NaN	NaN	1	2	House Agent may Counter during intrigue rites.	Information can be a valuable commodity in the tumultuous political atmosphere of the Imperium. Many Houses rely on espionage to acquire the upper hand.	Val Mayerik	House_Agent.jpg	17	22
73	House Assassin	NaN	EotS	U	House	4	NaN	NaN	Persona	Aide	Assassin	NaN	NaN	Intrigue 3	NaN	NaN	1	2	House Assassin gains Surprise when leading intrigue rites.	When diplomacy fails and battle is out of the question, a knife in the back can often resolve a House dispute with surprising speed.	Val Mayerik	House_Assassin.jpg	18	23
74	House Mentat	NaN	EotS	U	House	4	NaN	NaN	Persona	Aide	Mentat	NaN	NaN	Intrigue 3	NaN	NaN	2	2	Increase your hand size by 1.	Trained on Bene Tleilax, mentats are humans with heightened mentat computational skills. Many serve the Houses of the Landsraad. Know a mentat by his red-stained lips.	Doug Beekman	House_Mentat.jpg	19	24
75	House Physician	NaN	EotS, TaT Deck	C	House	2	NaN	NaN	Persona	Aide	Physician	NaN	NaN	Intrigue 1	NaN	NaN	1	3	Engage to assign X deferment tokens to a target subdued persona you govern. X equals the Physician's intrigue rank.	Trained physicians are a valuable commodity in the Imperium. Conditioning ensures that a doctor has had the finest training.	Doug Beekman	House_Physician.jpg	20	25
76	House Swordmaster	NaN	EotS, JotC Deck, TaT Deck	U	House	4	NaN	NaN	Persona	Aide	Swordmaster	NaN	NaN	Dueling 3	NaN	NaN	0	3	Swordmaster may Counter during dueling rites.	Swordmasters hail from an ancient warrior tradition. They instruct House members in the martial arts, and their dueling skills are often formidable.	Doug Beekman	House_Swordmaster.jpg	21	26
77	Landsraad Emissary	NaN	EotS, TaT Deck	U	House	4	NaN	NaN	Persona	Aide	Delegate	NaN	NaN	Arbitration 3	NaN	NaN	2	2	Increase your assembly limit by 1	Emissaries are the political representatives of the Landsraad. They often arrange negotiations or moderate disputes among the Houses of the Landsraad Assembly.	Brian Durfee	Landsraad_Emissary.jpg	22	27
81	Renegade Sister	Misprint in operation text, reprinted with correction	EotS	R	House	3	Bene Gesserit	NaN	Persona	Aide	Sister	Adept	NaN	Weirding 2	Intrigue 1	NaN	1	2	Engage to engage a target a persona.	Even those who stray from the Sisterhood never truly leave the Bene Gesserit order.	Val Mayerik	Renegade_Sister.jpg	6	31
85	Command Center	NaN	EotS, JotC Deck	C	House	3	NaN	NaN	Resource	Enhancement	Bastion	NaN	NaN	NaN	NaN	NaN	NaN	NaN	Limit 1. Assign to a target fief. Target gains +1 command. Engage to transfer up to 3 personnel assigned to a target persona you govern to one or more eligible targets. Personnel retain their current status when transferred.	NaN	Cortney Skinner	Command_Center.jpg	10	35
86	Diplomacy	NaN	EotS, JotC Deck, TaT Deck	C	House	1	NaN	NaN	Resource	Enhancement	Skill	NaN	NaN	NaN	NaN	NaN	NaN	NaN	Assign to target persona. Target gains +1 arbitration rank.	A Great House cannot rule by military strength alone. It must also appreciate the subtleties of diplomacy. Only then will it know true power.	David Martin	Diplomacy.jpg	11	36
87	Ecological Testing Site	NaN	EotS	U	House	1	NaN	NaN	Resource	Enhancement	Bastion	NaN	NaN	NaN	NaN	NaN	NaN	NaN	Limit 1. Assign to a target desert. Target gains +1 command and +2 resistance.	Many of these old Imperial outposts can be found in the deserts of Arrakis.	Doug Chaffee	Ecological_Testing_Site.jpg	12	37
88	Formidable Patron	NaN	EotS, JotC Deck, TaT Deck	C	House	1	NaN	NaN	Resource	Enhancement	Compact	NaN	NaN	NaN	NaN	NaN	NaN	NaN	Assign to target charter. Target gains +1 command and +2 resistance.	In the always treacherous world of House politics, it helps to have powerful friends…	Cortney Skinner	Formidable_Patron.jpg	13	38
89	Full Reverend Mother	NaN	EotS	R	House	4	NaN	Weirding 3	Resource	Enhancement	Title	NaN	NaN	NaN	NaN	NaN	NaN	NaN	Limit 1. Assign to a target persona. Target gains Reverend Mother subtype, +1 weirding rank, and +1 prescience rank. Target is immune to Poison effects.	"If you be a reverend Mother, let Shai-Hulud judge now!"	Mark Zug	Full_Reverend_Mother.jpg	14	39
90	Garrison, Ground Patrol	NaN	EotS	C	House	1	NaN	NaN	Resource	Enhancement	Bastion	NaN	NaN	NaN	NaN	NaN	NaN	NaN	Limit 1. Assign to a target city. Target generates +1 force and gains +2 resistance during battles.	Garrisons are common in most cities. Their declared purpose is to enforce House rule and keep the peace.	Cortney Skinner	Garrison.jpg	15	10
91	Hand of God, Divine Fortune	NaN	EotS	C	House	2	NaN	NaN	Resource	Enhancement	Condition	NaN	NaN	NaN	NaN	NaN	NaN	NaN	Assign to a target persona. Target gains +1 resistance.	Miracles are few and far between in the harsh climate of House politics.	Frank Kelly-Freas	Hand_of_God.jpg	16	11
92	Heat Sickness, Chronic Heat Fatigue	NaN	EotS	U	House	1	NaN	NaN	Resource	Enhancement	Sickness	NaN	NaN	NaN	NaN	NaN	NaN	NaN	Limit 1. Assign to a target Dune fief. Double the deployment cost of all subdued non-Fremen personnel assigned to the target.	"Not one drop of rain on Arrakis…"	Don Hillsman	Heat_Sickness.jpg	17	12
93	Heir Designate	NaN	EotS	R	House	3	NaN	NaN	Resource	Enhancement	Title	NaN	NaN	NaN	NaN	NaN	NaN	NaN	Limit 1. Assign to a target Heir. Target gains +1 command and +1 arbitration ranks. Target is immune to discard effects.	Your teachers swear you are the finest student they have ever taught.	Val Mayerik	Heir_Designate.jpg	18	13
95	High Steersman	NaN	EotS	R	House	5	NaN	Prescience 3	Resource	Enhancement	Title	NaN	NaN	NaN	NaN	NaN	NaN	NaN	Limit 1. Assign to a target Navigator. Target gains +1 command and +1 prescience. Target may not be declared the target of dueling or intrigue rites.	"You are transparent… You must share with us."	John Bridges	High_Steersman.jpg	20	15
96	Imperial Conditioning	NaN	EotS	U	House	3	NaN	NaN	Resource	Enhancement	Condition	NaN	NaN	NaN	NaN	NaN	NaN	NaN	Limit 1. Assign to a target physician. Target gains Suk subtype and is immune to Capture effects. Engage to discard a target Sickness enhancement assigned to a card you govern.	This formal training instills the highest prohibitions against taking a life.	Mark Poole	Imperial_Conditioning.jpg	21	16
152	Sandworm, Coming of the Maker	NaN	EotS, JotC Deck	C	House	X	NaN	NaN	Event	Event	Dune	NaN	NaN	NaN	NaN	NaN	NaN	NaN	Distribute X "Sandworm" force among one or more target spice tokens, Spice Harvesters, and non-Fremen personnel assigned to a target desert. Spice tokens each have a resistance of 1. Discard all targets vanquished by Sandworm force.	"Bless the Maker and his water."	Doug Beekman	Sandworm.jpg	17	12
97	Imperial Seal, Emperor's Decree	NaN	EotS	U	House	5	NaN	NaN	Resource	Enhancement	Compact	NaN	NaN	NaN	NaN	NaN	NaN	NaN	Limit 1. Assign to a target charter. The assigned charter may not be declared the target of an arbitration.	Negotiations conducted over the Emperor's seal transcend all else…	Audrey Corman	Imperial_Seal.jpg	22	17
98	Juice of Sapho, Mentat Drug	NaN	EotS	C	House	1	NaN	NaN	Resource	Enhancement	Condition	NaN	NaN	NaN	NaN	NaN	NaN	NaN	Limit 1. Assign to a target mentat. Target generates +1 force and gains +1 resistance during intrigue and arbitration rites.	"It is by the juice of Spho that thoughts acquire speed, the lips acquire stains, the stains become a warning."	Christina Wald	Juice_of_Sapho.jpg	23	18
99	Master of Assassins	NaN	EotS	U	House	3	NaN	Intrigue 3	Resource	Enhancement	Title	NaN	NaN	NaN	NaN	NaN	NaN	NaN	Limit 1. Assign to a target mentat. Target gains +1 command. Target may Direct when leading intrigue rites.	Most mentats in the service of a Great House undergo extensive covert training.	Val Mayerik	Master_of_Assassins.jpg	24	19
100	Mentat Analysis, Mental Discipline	NaN	EotS	U	House	2	NaN	Intrigue 2	Resource	Enhancement	Skill	NaN	NaN	NaN	NaN	NaN	NaN	NaN	Assign to a target mentat. Declaration Tactic. Engage target to examine up to 3 cards in a rival's assembly.	The first step in avoiding a trap is knowing of its existence…	Larry Elmore	Mentat_Analysis.jpg	5	20
101	Naib's Countenance	NaN	EotS	R	House	1	NaN	NaN	Resource	Enhancement	Compact	NaN	NaN	NaN	NaN	NaN	NaN	NaN	Limit 1. Assign to a target persona. If assigned person is the target of a duel, you may engage an eligible Fremen persona to Counter.	"As the leader of my people, I give you my bond… Your water shall mingle with our water."	Val Mayerik	Naib's_Countenance.jpg	6	21
102	Order of the Sword	NaN	EotS	U	House	3	NaN	Battle 3	Resource	Enhancement	Title	NaN	NaN	NaN	NaN	NaN	NaN	NaN	Limit 1. Assign to a target persona. Target gains +1 command. Target may Direct when leading battle rites.	This prestigious Imperial Order is the highest honor a Sardaukar officer can receive.	David Leri	Order_of_the_Sword.jpg	7	22
103	Palace Keep, House Fortress	NaN	EotS	U	House	4	NaN	NaN	Resource	Enhancement	Bastion	NaN	NaN	NaN	NaN	NaN	NaN	NaN	Limit 1. Assign to a target homeworld or Siridar fief except Forbidden Zone. Target gains +2 command, +2 battle rank, and +2 resistance. Target gains City subtype.	The stronghold of a House becomes a visual measure of its wealth and station.	David Cherry	Palace_Keep.jpg	8	23
104	Peer of the Realm	NaN	EotS, JotC Deck	U	House	2	NaN	Arbitration 1	Resource	Enhancement	Title	NaN	NaN	NaN	NaN	NaN	NaN	NaN	Limit 1. Assign to a target vassal or aide. Target gains the subtype Noble and +1 command.	Commoners who distinguish themselves in the service of the Emperor are occasionally granted noble titles.	Cortney Skinner	Peer_of_the_Realm.jpg	9	24
105	Poison Gas Tooth	NaN	EotS	R	House	X	NaN	NaN	Resource	Enhancement	Condition	NaN	NaN	NaN	NaN	NaN	NaN	NaN	Assign to a target persona you govern, assigning X Breath tokens to Tooth. Poison Effect. Discard the assigned persona to apply 1 force per assigned token to a target persona. If target is vanquished, discard the target.	"The tooth… Remember the tooth."	Terry Pavlet	Poison_Gas_Tooth.jpg	10	25
106	Prescience, Power of Prophecy	NaN	EotS	U	House	2	NaN	NaN	Resource	Enhancement	Skill	NaN	NaN	NaN	NaN	NaN	NaN	NaN	Assign to a target persona. Target gains +1 prescience rank.	I see many things…	David Fooden	Prescience.jpg	11	26
107	Prescience Shielding	NaN	EotS	R	House	3	NaN	Prescience 2	Resource	Enhancement	Condition	NaN	NaN	NaN	NaN	NaN	NaN	NaN	Limit 1. Assign to a target persona. Target is immune to Prescience effects. Declaration Tactic. Engage target to discard a target Prescience venture or tactic.	The inward eye can occasionally be tricked.	Doug Beekman	Prescience_Shielding.jpg	12	27
108	Residual Poison	NaN	EotS	R	House	X	NaN	NaN	Resource	Enhancement	Sickness	NaN	NaN	NaN	NaN	NaN	NaN	NaN	Poison Effect. Assign to a target persona. X equals the target's resistance. If the target is transferred from its current domain, discard the target.	The antidote must be consumed daily. If it is not, you will surely die.	Alan Clark	Residual_Poison.jpg	13	28
109	Secret Allegiance	Errata to operation text, unknown if reprinted with correction	EotS	U	House	2	NaN	NaN	Resource	Enhancement	Condition	NaN	NaN	NaN	NaN	NaN	NaN	NaN	Limit 1. Assign to a target persona. Target gains an additional allegiance of your choice. You must declare the allegiance when assigning Secret Allegiance. (ERRATA: This card is assigned once, and the second allegiance of the target persona is chosen then. This allegiance does not change from the initial assignment to further deployment from subdual.)	House loyalty is often fleeting. It tends to drift with the prevailing political winds…	David Martin	Secret_Allegiance.jpg	14	29
110	Shield Fighting	NaN	EotS	U	House	3	NaN	Dueling 2	Resource	Enhancement	Skill	NaN	NaN	NaN	NaN	NaN	NaN	NaN	Assign to a target persona. If target is assigned a deployed Shield, it gains +X resistance during dueling rites. X equals the target's dueling rank.	Shield fighting involves an intricate series of slow and deliberate strikes.	Zak Plucinski	Shield_Fighting.jpg	15	30
111	Shigawire Bonds	NaN	EotS	R	House	4	NaN	NaN	Resource	Enhancement	Bonds	NaN	NaN	NaN	NaN	NaN	NaN	NaN	Assign to a target subdued persona. The target may not be assigned deferment tokens while Shigawire is assigned.	The more you struggle, the more they constrict.	Christina Wald	Shigawire_Bonds.jpg	16	31
112	Sietch Community	NaN	EotS	U	House	4	NaN	NaN	Resource	Enhancement	Bastion	NaN	NaN	NaN	NaN	NaN	NaN	NaN	Limit 1. Assign to the Forbidden Zone or to a target desert. Target gains +2 command, +1 battle rank, and +3 resistance. Target gains City subtype.	"The Fremen exist in vast numbers… and it is they who control Arrakis."	Brian Durfee	Sietch_Community.jpg	17	32
113	Spice Addiction	NaN	EotS	R	House	3	NaN	NaN	Resource	Enhancement	Sickness	NaN	NaN	NaN	NaN	NaN	NaN	NaN	Assign to a target persona. If target becomes subdued, do not subdue Spice Addiction. When subdued, target may not be assigned more than 1 deferment token.	"The eyes, yes. Saturation of the blood by the spice, melange."	David Fooden	Spice_Addiction.jpg	18	33
114	Subterfuge	NaN	EotS	C	House	1	NaN	NaN	Resource	Enhancement	Skill	NaN	NaN	NaN	NaN	NaN	NaN	NaN	Assign to a target persona. Target gains +1 intrigue rank.	A Great House must learn to maneuver in the shadows as well as the light. Its enemies are everywhere…	Terry Pavlet	Subterfuge.jpg	19	34
115	Thopter Outpost	NaN	EotS	C	House	2	NaN	NaN	Resource	Enhancement	Bastion	NaN	NaN	NaN	NaN	NaN	NaN	NaN	Limit 1. Assign to a target fief. Target generates +2 force and gains +2 resistance during battles.	Ornithopters are a primary means of transport on the windswept flats of Arrakis.	Mark Maxwell	Thopter_Outpost.jpg	20	35
117	Truth Sayer	Misprint in title name	EotS	R	House	5	NaN	Prescience 3	Resource	Enhancement	Title	NaN	NaN	NaN	NaN	NaN	NaN	NaN	Limit 1. Assign to a target Reverend Mother. Engage target to reduce a rival's favor by X. X equals the target's prescience rank.	"A full truthsayer is a valuable addition to any noble's retinue."	Doug Beekman	Truth_Sayer.jpg	22	37
119	Valor	NaN	EotS	C	House	1	NaN	NaN	Resource	Enhancement	Skill	NaN	NaN	NaN	NaN	NaN	NaN	NaN	Assign to a target persona. Target gains +1 battle rank.	"Long live the fighters!"	Terry Pavlet	Valor.jpg	24	39
126	Desert-Rigged Ornithopter	NaN	EotS, JotC Deck	C	House	3	NaN	NaN	Resource	Equipment	Transport	NaN	NaN	NaN	NaN	NaN	NaN	NaN	Assign to a target Dune fief you govern. Engage to transfer Ornithopter and up to 3 personnel assigned to the same fief to a target Dune fief you govern. Personnel retain their current status when transferred.	Ornithopters are valuable recon tools.	Randy Asplund-Faith	Desert-Rigged_Ornithopter.jpg	11	16
128	Gom Jabbar, The Little Death	NaN	EotS	R	House	3	Bene Gesserit	NaN	Resource	Equipment	Weapon	Needle	NaN	NaN	NaN	NaN	NaN	NaN	Limit 1. Assign to a target Reverend Mother. When target participates in intrigue rites, discard a target persona vanquished during the intrigue.	"This one kills only animals…"	David Fooden	Gom_Jabbar.jpg	13	18
129	Guild Heighliner	NaN	EotS	R	House	5	Spacing Guild	NaN	Resource	Equipment	Transport	NaN	NaN	NaN	NaN	NaN	NaN	NaN	Assign to your homeworld. When deploying a target ally from your assembly, engage to place the target in the disengaged position.	Heighliners are vast interstellar transport ships. These massive craft form the core of the Guild fleet.	Mark Maxwell	Guild_Heighliner.jpg	14	19
130	House Shield Generator	NaN	EotS	R	House	5	NaN	NaN	Resource	Equipment	Device	Shield	NaN	NaN	NaN	NaN	NaN	NaN	Limit 1. Assign to a target city. The assigned target may not be declared the target of a battle.	"The palace is now secure… everything is now shielded. With the shields we are impenetrable."	Mark Maxwell	House_Shield_Generator.jpg	15	20
131	Hunter Seeker, Assassination Device	NaN	EotS, JotC Deck, TaT Deck	U	House	3	NaN	Intrigue 2	Resource	Equipment	Device	Weapon	NaN	NaN	NaN	NaN	NaN	NaN	Limit 1. Assign to a target persona. Target generates +3 force during an intrigue.	"A hunter seeker! It can't get me if I don't move… the suspensor field will make it slippery."	Doug Chaffee	Hunter_Seeker.jpg	16	21
132	Kindjal, Blade Weapon	NaN	EotS	C	House	1	NaN	Dueling 1	Resource	Equipment	Weapon	Blade	NaN	NaN	NaN	NaN	NaN	NaN	Limit 1. Assign to a target persona not currently assigned a blade. Target generates +1 force during a duel.	Simple blades are often the chosen weapons for Kanly duels among nobility.	Christina Wald	Kindjal.jpg	17	22
133	Lasgun Rifle, High-Energy Projectile	NaN	EotS, JotC Deck	R	House	3	NaN	Battle 2	Resource	Equipment	Weapon	Projectile	NaN	NaN	NaN	NaN	NaN	NaN	Limit 1. Assign to a target persona or troop not currently assigned a projectile. Target generates +3 force during a battle.	Energy weapons remain an uncertain technology. Their dangers must be weighed against their advantages.	Doug Chaffee	Lasgun_Rifle.jpg	18	23
134	Maker Hooks, Sandrider Tools	NaN	EotS	R	House	3	Fremen	NaN	Resource	Equipment	Transport	NaN	NaN	NaN	NaN	NaN	NaN	NaN	Assign to a target persona. Engage to transfer a target ally from your assembly to your domain, placing it in the subdued position.	"It is time you become a sandrider… Take the kiswa maker hook of our sietch and ride as a leader of men."	Doug Chaffee	Maker_Hooks.jpg	19	24
135	Maula Pistol, Spring Dart Projectile	NaN	EotS	C	House	1	NaN	Battle 1	Resource	Equipment	Weapon	Projectile	NaN	NaN	NaN	NaN	NaN	NaN	Limit 1. Assign to a target persona or troop not currently assigned a projectile. Target generates +1 force during battle rites.	Safe for use against shields, these Fremen weapons can be deadly in the hands of trained warriors.	Debbie Hughes	Maula_Pistol.jpg	20	25
136	Oil Lense Binoculars	NaN	EotS	C	House	2	NaN	NaN	Resource	Equipment	Device	Sensor	NaN	NaN	NaN	NaN	NaN	NaN	Limit 1. Assign to a target persona. Target is immune to Surprise effects generated during battle and intrigue rites.	These devices are standard field issue for most House troops.	Doug Chaffee	Oil_Lense_Binoculars.jpg	21	26
137	Personal Shield, Force Field Projector	NaN	EotS, TaT Deck	C	House	3	NaN	Dueling 2	Resource	Equipment	Device	Shield	NaN	NaN	NaN	NaN	NaN	NaN	Limit 1. Assign to a target persona. Target gains +3 resistance during dueling rites and +1 resistance during intrigue and battle rites.	Shield fighting is an art that requires slow and deliberate moves.	Christina Wald	Personal_Shield.jpg	22	27
138	Poison Snooper	NaN	EotS	C	House	3	NaN	NaN	Resource	Equipment	Device	Sensor	NaN	NaN	NaN	NaN	NaN	NaN	Limit 1. Assign to a target persona. Target is immune to all Poison effects.	The tacit threat of being poisoned is an unfortunate but accepted fact of life for the nobility. A House has many enemies…	Christina Wald	Poison_Snooper.jpg	23	28
139	Sabotage Device	NaN	EotS	U	House	1	NaN	Intrigue 2	Resource	Equipment	Device	NaN	NaN	NaN	NaN	NaN	NaN	NaN	Assign to a target Persona. Engage target and discard Sabotage Device to subdue a target transport governed by a rival.	"We've destroyed the carryalls, sir. The remaining harvesters now lie helpless at the mining site."	Mark Maxwell	Sabotage_Device.jpg	24	29
140	Seismic Probes: Vibration Sensor	NaN	EotS	R	House	1	NaN	NaN	Resource	Equipment	Device	Sensor	NaN	NaN	NaN	NaN	NaN	NaN	Limit 1. Assign to a target Spice Harvester. Declaration Tactic. Discard Seismic Probes to make the assigned Harvester immune to force applied by a target deployed Sandworm event.	Spice mining always brings a worm.	Darryl Elliot	Seismic_Probes.jpg	5	30
141	Slip-Tip, Second Blade Weapon	NaN	EotS	U	House	1	NaN	Dueling 2	Resource	Equipment	Weapon	Blade	NaN	NaN	NaN	NaN	NaN	NaN	Limit 1. Assign to a target persona. Target may be assigned an additional blade. Target generates +1 force during dueling rites.	A slip-tip provides added insurance during a heated duel.	Christina Wald	Slip-Tip.jpg	6	31
142	Spice Harvester, Spice Mining Factory	NaN	EotS, JotC Deck	C	House	3	NaN	NaN	Resource	Equipment	Transport	NaN	NaN	NaN	NaN	NaN	NaN	NaN	Assign to a target desert. Engage and pay 1 solari to transfer 1 spice from assigned target to your Hoard.	"That's it… spice mining… no other cloud quite like it. See the spotters over there? They're watching for wormsign…"	Randy Asplund-Faith	Spice_Harvester.jpg	7	32
143	Stunner, Slow-Pellet Projectile	NaN	EotS, JotC Deck, TaT Deck	U	House	2	NaN	Battle 1	Resource	Equipment	Weapon	Projectile	NaN	NaN	NaN	NaN	NaN	NaN	Limit 1. Assign to a target persona or troop not currently assigned a projectile. Target generates +2 force during battle rites.	Less messy than a lasgun, stunners are a safe and effective alternative to the more dangerous energy weapons.	Doug Chaffee	Stunner.jpg	8	33
144	Symbol of Authority	NaN	EotS	R	House	3	NaN	NaN	Resource	Equipment	Device	Emblem	NaN	NaN	NaN	NaN	NaN	NaN	Assign to a target noble you govern. Increase your assembly by 1.	Given almost religious significance, a House signet embodies all of a House's power and favor.	Audrey Corman	Symbol_of_Authority.jpg	9	34
145	Thumpers	NaN	EotS	R	House	1	Fremen	NaN	Resource	Equipment	Device	NaN	NaN	NaN	NaN	NaN	NaN	NaN	Assign to a target persona. Engage target and discard Thumper to remove a Sandworm event from your house discard and place it in your hand.	Rhythmic vibrations always attract sandworms.	Doug Chaffee	Thumpers.jpg	10	35
146	Windtrap, Dew Precipitator	Errata for Subtype 1 and operation text, reprinted in TaT Deck with corrections	EotS, TaT Deck	C	House	2	NaN	NaN	Resource	Equipment\n(Errata: Enhancement)	Bastion	NaN	NaN	NaN	NaN	NaN	NaN	NaN	Limit 3. Assign to a target Dune fief. Reduce the deployment cost of all subdued personnel assigned to the target by 1 solari each. (Errata: Reduce the deployment cost of personnel assigned to the target by 1 solari each. Assigned personnel having their deployment cost reduced to 0 do not require deferment tokens prior to deployment.)	"Water… And when we have enough, we shall change the face of Arrakis."	Doug Chaffee	Windtrap.jpg	11	36
147	Coriolis Storm, Desert Sandstorm	NaN	EotS	C	House	X	NaN	NaN	Event	Event	Dune	NaN	NaN	NaN	NaN	NaN	NaN	NaN	Distribute X "Storm" force tokens among one or more target bastion, transport or personnel resources assigned to a target desert. Subdue all targets whose Resistance is reduced to 0 by Storm force.	The great sandstorms of Arrakis are capable of rending flesh to dust in a matter of minutes.	Mark Poole	Coriolis_Storm.jpg	12	37
148	Dune Charter Renewal	NaN	EotS, TaT Deck	R	House	X	NaN	NaN	Event	Event	Dune	NaN	NaN	NaN	NaN	NaN	NaN	NaN	The current governor of Dune must pay X solaris to the imperial treasury or else subdue Dune. X equals the CROE.	Although inhospitable, Arrakis is possibly the most valuable holding in the entire universe.	Daved Leri	Dune_Charter_Renewal.jpg	13	38
149	Imperial Favor	NaN	EotS	C	House	X	NaN	NaN	Event	Event	Dune	NaN	NaN	NaN	NaN	NaN	NaN	NaN	The Current governor of Dune may immediately increase his or her favor by X. X equals (6-CROE).	The Emperor keeps a close watch on the fief of Arrakis. Its Governor can influence the fate of every Imperial Power.	Walter Velez	Imperial_Favour.jpg	14	39
150	Imperial Reprimand	NaN	EotS, TaT Deck	C	House	X	NaN	NaN	Event	Event	Dune	NaN	NaN	NaN	NaN	NaN	NaN	NaN	The current governor of Dune must immediately decrease their favor by X. X equals (CROE-1).	Mismanagement of an Imperial grant can be very costly…	Alan Clark	Imperial_Reprimand.jpg	15	10
151	Production Bonus	NaN	EotS	R	House	X	NaN	NaN	Event	Event	Dune	NaN	NaN	NaN	NaN	NaN	NaN	NaN	The current governor of Dune may transfer X spice from the Guild hoard to their own. X equals (6-CROE). Reset the CROE after transfering all spice.	The Spacing Guild protects those who control the spice.	Doug Chaffee	Production_Bonus.jpg	16	11
153	Smuggler Activity	NaN	EotS	U	House	X	NaN	NaN	Event	Event	Dune	NaN	NaN	NaN	NaN	NaN	NaN	NaN	Transfer up to X spice tokens assigned to a target desert to the Guild Hoard.	Operating in the shadows of the desert, smugglers can often find profit where others would never think to look.	Doug Chaffee	Smuggler_Activity.jpg	18	13
154	Spice Blow	NaN	EotS, JotC Deck	C	House	X	NaN	NaN	Event	Event	Dune	NaN	NaN	NaN	NaN	NaN	NaN	NaN	Produce X spice tokens and assign them to a target desert. X may not exceed 3.	"I know the secret. The worm is the spice… the spice is the worm."	Mark Poole	Spice_Blow.jpg	19	14
155	Spice Mining Inspection	NaN	EotS	R	House	3	NaN	NaN	Event	Event	Dune	NaN	NaN	NaN	NaN	NaN	NaN	NaN	The current governor of Dune must pay 1 spice per desert they govern to the Guild hoard. If the governor cannot pay the full amount, they must reduce their favor by an amount equal to the CROE.	The life of a smuggler can be alluring. Regular site inspections keep dune men and spotters honest.	Darryl Elliot	Spice_Mining_Inspection.jpg	20	15
158	Armistice Treaty	NaN	EotS	U	House	1	NaN	NaN	Event	Event	Imperium	NaN	NaN	NaN	NaN	NaN	NaN	NaN	Duration Effect. No house may initiate a battle rite.	Upon pain of ostracism, no House dare initiate a battle during a declared armistice.	David Leri	Armistice_Treaty.jpg	23	18
159	Assembly of Lords	NaN	EotS	R	House	1	NaN	NaN	Event	Event	Imperium	NaN	NaN	NaN	NaN	NaN	NaN	NaN	Each house may remove one card from their imperial discard and place it in their imperial deck. All players must then shuffle their imperial decks.	The Assembly of Lords is a grand occasion during which many Houses present their heirs-designate to their peers. It is a time for rekindling alliances.	Daved Leri	Assembly_of_Lords.jpg	24	19
160	CHOAM Dividends	NaN	EotS	C	House	2	NaN	NaN	Event	Event	Imperium	NaN	NaN	NaN	NaN	NaN	NaN	NaN	Each player may produce 1 solari per charter they govern in their treasury.	Dividends are parceled out each quarter. They are given to member Houses who govern one of more CHOAM Company charters.	David Martin	CHOAM_Dividends.jpg	5	20
161	CHOAM Insolvency	NaN	EotS	R	House	2	NaN	NaN	Event	Event	Imperium	NaN	NaN	NaN	NaN	NaN	NaN	NaN	Duration Effect. No house may engage a fief to produce solaris.	Though never truly insolvent, CHOAM protocol allows rival Houses to wage financial wars within the labyrinthine halls of the Imperial Exchange	Ron Walotsky	CHOAM_Insolvency.jpg	6	21
162	CHOAM Recess	NaN	EotS	U	House	1	NaN	NaN	Event	Event	Imperium	NaN	NaN	NaN	NaN	NaN	NaN	NaN	Duration Effect. No house may initiate an arbitration rite.	When the CHOAM board is at reces, no House may bring suit against another. Often this leads to other means of retaliation…	Ron Walotsky	CHOAM_Recess.jpg	7	22
163	CHOAM Restructuring	NaN	EotS, TaT Deck	U	House	X	NaN	NaN	Event	Event	Imperium	NaN	NaN	NaN	NaN	NaN	NaN	NaN	Discard X spice from the Guild Hoard, or produce X Spice in the Guild Hoard. X may be no greater than 5. Reset the CROE after discarding or producing the Spice.	Even the fincancial seers of the CHOAM Corporation are not infallible in their predictions.	David Martin	CHOAM_Restructuring.jpg	8	23
165	Guild Stockpiling	NaN	EotS	U	House	X	NaN	NaN	Event	Event	Imperium	NaN	NaN	NaN	NaN	NaN	NaN	NaN	Duration Effect. No house may buy spice. X equals (6-CROE).	The Guild maintains hidden spice reserves against times of reduced production. The spice must continue to flow.	David Martin	Guild_Stockpiling.jpg	10	25
166	Guild Surplus	NaN	EotS	U	House	X	NaN	NaN	Event	Event	Imperium	NaN	NaN	NaN	NaN	NaN	NaN	NaN	Duration Effect. No house may sell spice. X equals the CROE.	When the Spacing Guild declares a surplus in the CHOAM reserves, the Imperial Exchequer must suspend all purchasing.	David Cherry	Guild_Surplus.jpg	11	26
167	Hoarding Tithe	NaN	EotS	U	House	2	NaN	NaN	Event	Event	Imperium	NaN	NaN	NaN	NaN	NaN	NaN	NaN	Each house must pay X solaris to the Imperial treasury. X equals the CROE. If a house cannot pay the full amount, it must reduce its favor by 1 per unpaid solari.	One cannot stockpile without arousing the suspicion of the Emperor. Hoarding always bears a price.	Doug Chaffee	Hoarding_Tithe.jpg	12	27
168	Holding Tithes	NaN	EotS	C	House	2	NaN	NaN	Event	Event	Imperium	NaN	NaN	NaN	NaN	NaN	NaN	NaN	Each house must pay 1 solari per holding they govern to the Imperial treasury. If a house cannot pay the full amount, it must reduce its favor by 1 per unpaid solari.	Holding tithes form a substantial portion of the Imperial tax base.	Brian Durfee	Holding_Tithes.jpg	13	28
169	House Turmoil	NaN	EotS	R	House	X	NaN	NaN	Event	Event	Imperium	NaN	NaN	NaN	NaN	NaN	NaN	NaN	Each house must discard X cards from its hand. X may not exceed 3.	Insurrections are to be avoided at all costs. When the populace takes up arms against its masters, the matter strikes at the very heart of the Imperial hierarchy.	Walter Velez	House_Turmoil.jpg	14	29
170	Imperial Fete	NaN	EotS	R	House	3	NaN	NaN	Event	Event	Imperium	NaN	NaN	NaN	NaN	NaN	NaN	NaN	Duration Effect. No house may request admission to the High Council.	When the Emperor hosts a fete, the Landsraad Assembly disbands for the duration of the affair. Imperial fetes are lauded for their diverse range of spectactular events.	David Leri	Imperial_Fete.jpg	15	30
171	Irulan's Peace	NaN	EotS	U	House	1	NaN	NaN	Event	Event	Imperium	NaN	NaN	NaN	NaN	NaN	NaN	NaN	Duration Effect. No house may initiate a dueling rite.	According to the Rites of Kanly, a daughter of the Emperor may postpone a sanctioned duel in order to seek peace between the feuding bloodlines.	Brian Durfee	Irulan's_Peace.jpg	16	31
172	Landsraad Inquest	NaN	EotS	U	House	1	NaN	NaN	Event	Event	Imperium	NaN	NaN	NaN	NaN	NaN	NaN	NaN	Duration Effect. No house may initiate an intrigue rite.	Only fools and prophets hazard intrigues when under the scrutiny of the Landsraad ethics committee.	David Leri	Landsraad_Inquest.jpg	17	32
173	Landsraad Summit	NaN	EotS	R	House	1	NaN	NaN	Event	Event	Imperium	NaN	NaN	NaN	NaN	NaN	NaN	NaN	Each house must discard one card from its assembly.	During a summit of the Landsraad, rising tensions cause many Houses to lose the open support of their allies or sponsors.	David Leri	Landsraad_Summit.jpg	18	33
174	Military Transport	NaN	EotS	C	House	2	NaN	NaN	Event	Event	Imperium	NaN	NaN	NaN	NaN	NaN	NaN	NaN	Duration Effect. Double the deployment cost of all troops, blades, projectiles, and aides possessing the battle talent.	The Spacing Guile demands enormous sums to transport military personnel and hardware. It is part of the Pax Imperial.	Mark Maxwell	Military_Transport.jpg	19	34
175	Petitioning Delays	NaN	EotS	C	House	1	NaN	NaN	Event	Event	Imperium	NaN	NaN	NaN	NaN	NaN	NaN	NaN	Duration Effect. No house may petition to deploy a holding.	Popular upheavals often delay the change of fief.	Walter Velez	Petitioning_Delays.jpg	20	35
176	Philanthropy Drive	Misprint, Subtype 2; unknown if reprinted with correction	EotS	R	House	2	NaN	NaN	Event	Event	Imperial	NaN	NaN	NaN	NaN	NaN	NaN	NaN	Each house may pay X solaris to the imperial treasury to immediately increase their favor by X. X may not exceed 5.	Many Great Houses host grand outings to solicit financial support from their lesser cousins. Poorer Houses often use these outings to curry favor.	David Cherry	Philanthropy_Drive.jpg	21	36
177	Assassin Cohort	NaN	EotS, JotC Deck, TaT Deck	C	House	2	NaN	Intrigue 1	Resource	Personnel	Corps	Cohort	NaN	Intrigue 2	NaN	NaN	NaN	2	Assign to a target persona. Intrigue Tactic (engagement). If target participates in an intrigue rite, engage to include as a participant.	Assassin cohorts typically fall under the command of a Master of Assassins.	Walter Velez	Assassin_Cohort.jpg	22	37
178	Atreides Battalion	NaN	EotS, TaT Deck	U	House	2	Atreides	NaN	Resource	Personnel	Troop	Battalion	NaN	Battle 2	NaN	NaN	NaN	2	Assign to a target persona or fief. Battle Tactic (engagement). If target participates in a battle rite, engage to include as a participant.	The loyalty of Atreides soldiers is legendary.	Walter Velez	Atreides_Battalion.jpg	23	38
243	Preemptive Strike	Misprint in title name	EotS	U	House	0	NaN	NaN	Plan	Tactic	Declaration	NaN	NaN	NaN	NaN	NaN	NaN	NaN	Discard a target intrigue venture.	Swift and seemingly random destruction is the surest way to strike fear into the heart of your enemy.	Walter Velez	Pre-Emptive_Strike.jpg	8	13
244	Priority Matter	NaN	EotS	C	House	2	NaN	NaN	Plan	Tactic	Declaration	NaN	NaN	NaN	NaN	NaN	NaN	NaN	Engage a target ally.	The duties of a House member are never-ending…	Brian Durfee	Priority_Matter.jpg	9	14
250	Secund-Elect, Dueling Alternate	Errata for operation text, unknown if reprinted with correction	EotS	U	House	0	NaN	NaN	Plan	Tactic	Duel	Declaration	NaN	NaN	NaN	NaN	NaN	NaN	Engage an eligible target to Counter. (ERRATA: Should read "Duration Effect. Target persona may Counter.")	Choose your secund wisely. It can become a point of personal honor.	John Monteleone	Secund-Elect.jpg	15	20
260	Unforeseen Difficulties	Errata for operation text, unknown if reprinted with correction	EotS	U	House	0	NaN	NaN	Plan	Tactic	Intrigue	Declaration	NaN	NaN	NaN	NaN	NaN	NaN	Engage an eligible target to Counter. (ERRATA: Should read "Duration Effect. Target persona may Counter.")	"The bodies must never be found…"	Zak Plucinski	Unforseen_Difficulties.jpg	5	30
179	CHOAM League	NaN	EotS, JotC Deck, TaT Deck	C	House	2	NaN	Arbitration 1	Resource	Personnel	Corps	Legation	NaN	Arbitration 2	NaN	NaN	NaN	2	Assign to a target persona or charter. Arbitration Tactic (engagement). If target participates in an arbitration rite, engage to include as a participant.	Trade delegations travel throughout the Imperium on the Emperor's business.	Doug Chaffee	CHOAM_League.jpg	24	39
180	Engineering Corps	NaN	EotS	R	House	0	NaN	NaN	Resource	Personnel	Corps	Division	NaN	Intrigue 0	NaN	NaN	NaN	1	Assign to a target persona or fief. Engage to assign 1 deferment token to a target bastion or non-desert fief you govern.	The workhorse units of most House armies, engineers are often the first troops to arrive during an occupation.	John Bridges	Engineering_Corps.jpg	5	10
181	Fremen Battalion	NaN	EotS	U	House	5	Fremen	NaN	Resource	Personnel	Troop	Battalion	NaN	Battle 3	NaN	NaN	NaN	4	Assign to a persona or fieft. Battle Tactic (engagement). If target participates in a battle rite, engage to include as a participant.	Fremen sandriders are a terrifying sight to behold…	Doug Beekman	Fremen_Battalion.jpg	6	11
182	Guild Entourage	NaN	EotS	U	House	3	Spacing Guild	NaN	Resource	Personnel	Corps	Legation	NaN	Arbitration 2	NaN	NaN	NaN	3	Assign to a target persona or charter. Arbitration Tactic (engagement). If target participates in an arbitration rite, engage to include as a participant.	The Spacing Guild keeps a close watch on its political concerns.	Mark Zug	Guild_Entourage.jpg	7	12
183	Harkonnen Battalion	NaN	EotS	U	House	3	Harkonnen	NaN	Resource	Personnel	Troop	Battalion	NaN	Battle 3	NaN	NaN	NaN	2	Assign to a target persona or fief. Battle Tactic (engagement). If target participates in a battle rite, engage to include as a participant.	Treachery is often more common among Harkonnen troops than loyalty.	Walter Velez	Harkonnen_Battalion.jpg	8	13
184	House Battalion	NaN	EotS, JotC Deck, TaT Deck	C	House	1	NaN	Battle 0	Resource	Personnel	Troop	Battalion	NaN	Battle 1	NaN	NaN	NaN	2	Assign to a target persona or fief. Battle Tactic (engagement). If target participates in a battle rite, engage to include as a participant.	Most Houses maintain a considerable military presence.	Walter Velez	House_Battalion.jpg	9	14
185	Imperial Courtiers	NaN	EotS	R	House	1	NaN	NaN	Resource	Personnel	Corps	Legation	NaN	Arbitration 1	NaN	NaN	NaN	1	Assign to your homeworld or Dune. Initiative Tactic (declaration). Engage to add +1 to your declared favor.	An existence rife with scandal and intrigue, life in the Imperial court is never dull.	Walter Velez	Imperial_Courtiers.jpg	10	15
186	Landsraad Coalition	NaN	EotS, JotC Deck, TaT Deck	C	House	1	NaN	NaN	Resource	Personnel	Corps	Legation	NaN	Arbitration 1	NaN	NaN	NaN	2	Assign to a target persona or charter. Arbitration Tactic (engagement). If target participates in an arbitration rite, engage to include as a participant.	Landsraad troops often serve as peacekeeping forces on disputed worlds.	Walter Velez	Landsraad_Coalition.jpg	11	16
187	Missionaria Protectiva	NaN	EotS	U	House	3	Bene Gesserit	NaN	Resource	Personnel	Corps	Legation	NaN	Intrigue 2	NaN	NaN	NaN	3	Assign to a target persona or charter. Intrigue/Arbitration Tactic (engagement). If target participates in an intrigue or arbitration rite, engage to include as a participant.	These 'myth engineers' plant protective legends against a time of future need.	Doug Beekman	Missionaria_Protectiva.jpg	12	17
188	Sardaukar Battalion	NaN	EotS, TaT Deck	U	House	4	Corrino	NaN	Resource	Personnel	Troop	Battalion	NaN	Battle 3	NaN	NaN	NaN	3	Assign to a target persona or fief. Battle Tactic (engagement). If target participates in a battle rite, engage to include as a participant.	The fanatical elite of the Emperor's legions, Sardaukar are a terrifying foe.	Doug Chaffee	Sardaukar_Battalion.jpg	13	18
189	Aborted Raid	NaN	EotS	U	House	0	NaN	NaN	Plan	Tactic	Declaration	NaN	NaN	NaN	NaN	NaN	NaN	NaN	Discard a target battle venture.	The Fremen are fearless and clever warriors, but they are not foolhardy. They will not attack a superior force.	Doug Chaffee	Aborted_Raid.jpg	14	19
190	Ambitious Enterprise	NaN	EotS, JotC Deck, TaT Deck	C	House	1	NaN	NaN	Plan	Tactic	Arbitration	Engagement	NaN	NaN	NaN	NaN	NaN	NaN	Duration Effect. Assign to your leader. The leader generates +1 force per additional participant.	Grandiose plans - whether realistic or not - will often aid a House during charter negotiations.	David Leri	Ambitious_Enterprise.jpg	15	20
191	Back to the Wall	NaN	EotS	R	House	3	NaN	NaN	Plan	Tactic	Intrigue	Engagement	NaN	NaN	NaN	NaN	NaN	NaN	Duration Effect. Assign to your leader. Force assigned to your leader generates no effect.	You were already dead sire. I merely hastened the inevitable…	Brian Durfee	Back_to_the_Wall.jpg	16	21
192	Battle Captive	NaN	EotS	R	House	2	NaN	NaN	Plan	Tactic	Battle	Engagement	NaN	NaN	NaN	NaN	NaN	NaN	Duration Effect. Assign to a target non-fief participant governed by your rival. Capture the target if vanquished.	Prisoners can be a lucrative part of inter-House conflict. Most Houses will arrange to ransom back their captives.	John Pierard	Battle_Captive.jpg	17	22
193	Battle Fatalities	NaN	EotS	R	House	3	NaN	NaN	Plan	Tactic	Battle	Engagement	NaN	NaN	NaN	NaN	NaN	NaN	Duration Effect. Assign to a target non-fief participant. Discard the target if vanquished.	"There are more enemy bodies coming in for your inspection, doctor…"	Stephen Daniele	Battle_Fatalities.jpg	18	23
194	Blade Parry	NaN	EotS	R	House	3	NaN	NaN	Plan	Tactic	Duel	Engagement	NaN	NaN	NaN	NaN	NaN	NaN	Duration Effect. Assign to your leader. Force assigned to your leader has no effect.	"Why prolong the inevitable?"	Christina Wald	Blade_Parry.jpg	19	24
268	Best Blade, Practice Floor Bout	Errata for operation text, unknown if reprinted with correction	EotS	C	House	2	NaN	Dueling 2	Plan	Venture	Dueling	NaN	NaN	NaN	NaN	NaN	NaN	NaN	Apply X force to a target ally. If applied force exceeds the target's resisitance, subdue the target. X equals the assigned persona's dueling rank. (ERRATA: Should read "Apply X force to target ally. If applied force equals or exceeds the target's resistance, subdue the target. X equals the assigned persona's dueling rank."	"Now, guard yourself for true!"	Walter Velez	Best_Blade.jpg	13	38
269	Betrayal, Activate Traitor	NaN	EotS	R	House	2	NaN	Intrigue 3	Plan	Venture	Intrigue	NaN	NaN	NaN	NaN	NaN	NaN	NaN	Capture a target subdued aide.	"A million deaths are not enough…"	Anthony Hightower	Betrayal.jpg	14	39
195	Blinding Defense	NaN	EotS	C	House	0	NaN	NaN	Plan	Tactic	Duel	Engagement	NaN	NaN	NaN	NaN	NaN	NaN	Discard a target duel tactic.	"I will bend like a reed in the wind…"	Don Hillsman	Blinding_Defense.jpg	20	25
196	Bodies in the Well	NaN	EotS	R	House	3	NaN	NaN	Plan	Tactic	Intrigue	Engagement	NaN	NaN	NaN	NaN	NaN	NaN	Duration Effect. Assign to a target participant. Discard the target if vanquished.	Always cover your tracks…	John Monteleone	Bodies_in_the_Well.jpg	21	26
197	Brilliant Rhetoric	Errata to operation text, reprinted in TaT Deck with correction	EotS, TaT Deck	U	House	0	NaN	NaN	Plan	Tactic	Arbitration	Declaration	NaN	NaN	NaN	NaN	NaN	NaN	Engage an eligible target to Counter. (ERRATA: Should read "Duration Effect. Assign to a target persona. Target may Counter.")	It is a rare individual who can sway the Assembly in matters of trade or commerce. Jaded self-interest is normally the order of the day.	David Leri	Brilliant_Rhetoric.jpg	22	27
198	Buyout Agreement	NaN	EotS	R	House	2	NaN	NaN	Plan	Tactic	Arbitration	Engagement	NaN	NaN	NaN	NaN	NaN	NaN	Duration Effect. Assign to a target participant governed by your rival. Capture the target if vanquished.	We must seize this opportunity. Their position in the Exchange has been weakened. Now is the time to strike.	Zak Plucinski	Buyout_Agreement.jpg	23	28
199	Claim Initiative	NaN	EotS	C	House	0	NaN	NaN	Plan	Tactic	Initiative	Declaration	NaN	NaN	NaN	NaN	NaN	NaN	Discard a target card from your hand to increase your declared favor by an amount equal to the target's deployment cost. Targets having an X deployment cost increase the declared favor by 5.	Last-minute political maneuvers can sometimes attract the notice of the Emperor.	Zak Plucinski	Claim_Initiative.jpg	24	29
200	Collusion	NaN	EotS	R	House	0	NaN	NaN	Plan	Tactic	Petition	Declaration	NaN	NaN	NaN	NaN	NaN	NaN	Duration Effect. Assign to a target rival's homeworld. Target must pass during its next option phase.	"Four planets have come to our attention regarding a plot which could jeopardize spice production."	Ted Naifeh	Collusion.jpg	5	30
201	Column of Smoke	NaN	EotS	C	House	1	NaN	NaN	Plan	Tactic	Intrigue	Declaration	NaN	NaN	NaN	NaN	NaN	NaN	Engage a target persona or personnel.	A column of smoke by day, a pillar of fire by night. -Fremen saying	Debbie Hughes	Column_of_Smoke.jpg	6	31
202	Covert Venture	NaN	EotS	R	House	3	NaN	NaN	Plan	Tactic	Declaration	NaN	NaN	NaN	NaN	NaN	NaN	NaN	Deploy a Venture from your hand as if it were your house interval. You must immediately attempt to initiate and resolve the venture. Duration effect ventures must be discarded at the end of the current house interval.	The decisive hand strikes the deepest…	Debbie Hughes	Covert_Venture.jpg	7	32
203	Device Malfunction	Misprint in subtype 2; not reprinted with correction	EotS	C	House	0	NaN	NaN	Plan	Tactic	Engagment	NaN	NaN	NaN	NaN	NaN	NaN	NaN	Subdue a target Device.	Complex equipment needs regular maintenance. Devices are only as good as those who maintain them.	Darryl Elliot	Device_Malfunction.jpg	8	33
204	Diplomatic Initiative	NaN	EotS	U	House	2	NaN	NaN	Plan	Tactic	Arbitration	Engagement	NaN	NaN	NaN	NaN	NaN	NaN	Duration Effect. Assign to a target participant. Target gains Surprise.	Never play all your cards at once. Good diplomacy is much like good hunting - surprise is everything…	Ted Naifeh	Diplomatic_Initiative.jpg	9	34
287	Proces Verbal, Allegation of Treason	NaN	EotS	U	House	2	NaN	Arbitration 1	Plan	Venture	Arbitration	NaN	NaN	NaN	NaN	NaN	NaN	NaN	Reduce a target rival's favor by X. X equals the assigned persona's arbitration rank.	A Proces Verbal can be a potent weapon to direct at one's enemies. It brings the actions of the subject under the close scrutiny of Imperial Authority.	Alan Pollack	Proces_Verbal.jpg	12	27
293	Sand Scrub, Harvesting Raid	NaN	EotS	U	House	2	NaN	Battle 1	Plan	Venture	Battle	NaN	NaN	NaN	NaN	NaN	NaN	NaN	Discard up to X spice assigned to target desert. X equals assigned persona's battle rank.	"He who can destroy a thing, controls a thing."	Walter Velez	Sand_Scrub.jpg	18	33
296	Spice Trance, The Inward Eye	NaN	EotS	U	House	0	NaN	Prescience 2	Plan	Venture	Prescience	NaN	NaN	NaN	NaN	NaN	NaN	NaN	Prescience Effect. Examine up to X target subdued events governed by a rival. X equals the assigned persona's prescience rank.	The spice extends life. The spice expands consciousness…	David Fooden	Spice_Trance.jpg	21	36
297	Stanglehold, House Coup	Misprint in title name	EotS	U	House	1	NaN	NaN	Plan	Venture	Petition	NaN	NaN	NaN	NaN	NaN	NaN	NaN	Transfer a target holding from your assembly to your domain and assign 1 deferment token to it.	It's amusing to watch the inept bicker and grovel in the presence of the Emperor. Their feeble attempts to secure holdings are laughable compared to the methods employed by the powerful.	Mark Maxwell	Stranglehold.jpg	22	37
301	Terrorism, Material Destruction	NaN	EotS	U	House	1	NaN	Intrigue 1	Plan	Venture	Intrigue	NaN	NaN	NaN	NaN	NaN	NaN	NaN	Target rival must discard X solaris from their treasury. X equals the intrigue rank of the assigned persona.	"The house shield generators have been sabotaged! We are wide open!"	Stephen Daniele	Terrorism.jpg	6	11
60	Albrecht Nim	NaN	EotS	IR	Imperial	2	Spacing Guild	NaN	Persona	Ally	Vassal	Navigator	NaN	Intrigue 2	Prescience 1	NaN	1	3	Nim gains Surprise during arbitration.	Nim is one of the Guild's most formidable diplomats. He is often called upon to handle the most delicate House negotiations.	Doug Beekman	Albrecht_Nim.jpg	5	10
65	Atreides Propagandist	NaN	EotS	R	House	3	Atreides	NaN	Persona	Aide	Spy	NaN	NaN	Arbitration 1	Intrigue 1	NaN	1	2	Tactic (declaration). Engage to reduce the deployment cost of any persona by 2 solaris. If engaged during a petition, reduce the final deployment cost.	A House's propaganda machine can be as important as its military strength.	Doug Beekman	Atreides_Propagandist.jpg	10	15
82	Accomplished Blademaster	NaN	EotS	U	House	3	NaN	Dueling 3	Resource	Enhancement	Title	NaN	NaN	NaN	NaN	NaN	NaN	NaN	Limit 1. Assign to a target persona. Target gains +1 command. Target gains Surprise when leading dueling rites.	Traditional martial arts are still practiced throughout the Imperium.	John Monteleone	Accomplished_Blademaster.jpg	7	32
83	Arms Training	NaN	EotS	C	House	1	NaN	NaN	Resource	Enhancement	Skill	NaN	NaN	NaN	NaN	NaN	NaN	NaN	Assign to target Persona. Target gains +1 dueling rank.	All nobles are trained in the ancient art of the blade. Formal duels are not uncommon among the Houses.	Terry Pavlet	Arms_Training.jpg	8	33
84	Badge of the Lion	NaN	EotS	U	House	3	NaN	NaN	Resource	Enhancement	Title	NaN	NaN	NaN	NaN	NaN	NaN	NaN	Limit 1. Assign to a target noble. Target gets +1 command. Target may Direct when leading arbitration rites.	The Badge of the Lion is the most prestigious decoration awarded to members of the Imperial diplomatic corps.	Brian Durfee	Badge_of_the_Lion.jpg	9	34
157	Alliance Negotiations	NaN	EotS	C	House	1	NaN	NaN	Event	Event	Imperium	NaN	NaN	NaN	NaN	NaN	NaN	NaN	Duration Effect. No house may petition to deploy an ally.	Diplomatic summits amoung the Houses are often the scene of great pomp and circumstance.	Walter Velez	Alliance_Negotiations.jpg	22	17
164	Emperor's Outrage	NaN	EotS	U	House	1	NaN	NaN	Event	Event	Imperium	NaN	NaN	NaN	NaN	NaN	NaN	NaN	Duration Effect. No house may buy favor.	Even Great Houses curb heir greed when faced with the possibility of incurring Imperial wrath.	Walter Velez	Emperor's_Outrage.jpg	9	24
246	Public Defamation	NaN	EotS	C	House	0	NaN	NaN	Plan	Tactic	Arbitration	Engagement	NaN	NaN	NaN	NaN	NaN	NaN	Discard a target arbitration tactic.	Even a proud lineage can be brought quickly to its knees…	Cortney Skinner	Public_Defamation.jpg	11	16
311	Weirding Way	Errata to operation text, unknown if reprinted with correction	EotS	U	House	0	NaN	Weirding 1	Plan	Venture	Weirding	NaN	NaN	NaN	NaN	NaN	NaN	NaN	Duration Effect. If assigned Persona is engaged to participate in a Rite, it generates +X force. X equals the current Weirding rank of target. (ERRATA: Should read "Initiate a Rite. The assigned persona gains a +X bonus to their Force where X is the target's Weirding Rank." The Persona using this card need not possess the required talent for the Rite.)	"This is part of the weirding way that we will teach you."	Zak Plucinski	Weirding_Way.jpg	0	0
31	Weather Control	NaN	EotS	F	Imperial	3	Spacing Guild	NaN	Holding	Charter	Dune Agreement	NaN	NaN	Arbitration 0	NaN	NaN	2	7	Engage to produce X solaris in your treasury. X equals the total number of Dune fiefs deployed by your rivals.	None can escape the eyes of the Spacing Guild.	Doug Chaffee	Weather_Control.jpg	16	11
32	Windtrap Technologies	NaN	EotS, JotC Deck, TaT Deck	IR	Imperial	2	NaN	NaN	Holding	Charter	Dune Contract	NaN	NaN	Arbitration 0	NaN	NaN	3	5	Engage to produce X solaris in your treasury. X equals the number of personnel assigned to a target Dune fief.	Even the wind seems an ocean amidst the deserts of Arrakis.	Doug Chaffee	Windtrap_Technologies.jpg	17	12
120	Weirding Combat	NaN	EotS	U	House	3	NaN	Weirding 1	Resource	Enhancement	Skill	NaN	NaN	NaN	NaN	NaN	NaN	NaN	Limit 1. Assign to a target persona. Target generates +X force or gains +X resistance during dueling rites. X equals the target's weirding rank. Declare 'force' or 'resistance' when engaging target as a participant.	NaN	Zak Plucinski	Weirding_Combat.jpg	5	10
121	Weirding Combat	Misprint in subtype 1	EotS	U	House	3	NaN	Weirding 1	Resource	Enahcement	Skill	NaN	NaN	NaN	NaN	NaN	NaN	NaN	Limit 1. Assign to a target persona. Target generates +X force or gains +X resistance during dueling rites. X equals the target's weirding rank. Declare 'force' or 'resistance' when engaging target as a participant.	NaN	Zak Plucinski	Weirding_Combat.jpg	6	11
122	Weirding Talent	NaN	EotS	U	House	2	NaN	NaN	Resource	Enhancement	Skill	NaN	NaN	NaN	NaN	NaN	NaN	NaN	Assign to a target persona. Target gains +1 weirding rank.	The training of the Bene Gesserit schools teaches fine muscle control. Adepts with this talent can sense things a normal person would never see.	David Fooden	Weirding_Talent.jpg	7	12
156	Water Riot	NaN	EotS, JotC Deck	R	House	X	NaN	NaN	Event	Event	Dune	NaN	NaN	NaN	NaN	NaN	NaN	NaN	Distribute X "Riot" force among one or more target bastion, transport, or personnel resources assigned to a target city. Subdue all resources vanquished by Riot force.	Water is a treasure on Arrakis. Shortages can provoke violent riots among the populace.	David Martin	Water_Riot.jpg	21	16
205	Dueling Honors	NaN	EotS	U	House	0	NaN	NaN	Plan	Tactic	Duel	Engagement	NaN	NaN	NaN	NaN	NaN	NaN	Duration Effect. Assign to your rival's leader. Produce X favor if the leader is vanquished. X equals the leader's deployment cost.	The Kanly rite of the duel is an ancient tradition. Young House members can win great favor and glory in the arena.	Brian Durfee	Dueling_Honors.jpg	10	35
206	Early Procurement	NaN	EotS	R	House	0	NaN	NaN	Plan	Tactic	Petition	Declaration	NaN	NaN	NaN	NaN	NaN	NaN	Make your declaration and then discard Early Procurement to resolve the petition.	Our liege had returned early. His triumphal procession called to mind the noble spectacles of the ancients.	Walter Velez	Early_Procurement.jpg	11	36
207	Exchange Suspension	NaN	EotS	R	House	3	NaN	NaN	Plan	Tactic	Exchange	Declaration	NaN	NaN	NaN	NaN	NaN	NaN	Target rival may not buy spice during their CHOAM Exchange operation.	Although the Bene Gesserit Sisterhood rarely exercises it, their power as a silent partner in CHOAM remains considerable.	Doug Chaffee	Exchange_Suspension.jpg	12	37
208	Exchange Violation	NaN	EotS	R	House	0	NaN	NaN	Plan	Tactic	Exchange	Declaration	NaN	NaN	NaN	NaN	NaN	NaN	Increase or decrease the CROE by 1 for the duration of the Exchange operation. The CROE must still be reset after each spice transfer.	The Guild has few scruples when it comes to maintaining their spice reserves. The spice must flow at all costs…	Mark Maxwell	Exchange_Violation.jpg	13	38
209	False Allegations	NaN	EotS	C	House	0	NaN	NaN	Plan	Tactic	Initiative	Declaration	NaN	NaN	NaN	NaN	NaN	NaN	Discard a target card from your hand to decrease a rival's declared favor by an amount equal to the target's deployment cost. Targets having an X deployment cost decrease the declared favor by 5.	Houses often plant damaging rumors in an attempt to hinder their enemies.	Zak Plucinski	False_Allegations.jpg	14	39
210	False Diversion	NaN	EotS	C	House	1	NaN	NaN	Plan	Tactic	Declaration	NaN	NaN	NaN	NaN	NaN	NaN	NaN	Engage a target aide.	"The shield is down! The shield is down!" "Open the doors! Get that shield up!"	Walter Velez	False_Diversion.jpg	15	10
211	False Diversion	Misprint in operation text	EotS	C	House	1	NaN	NaN	Plan	Tactic	Declaration	NaN	NaN	NaN	NaN	NaN	NaN	NaN	Engage of a target aide.	"The shield is down! The shield is down!" "Open the doors! Get that shield up!"	Walter Velez	False_Diversion.jpg	16	11
212	Famous Battle Account	NaN	EotS	U	House	0	NaN	NaN	Plan	Tactic	Battle	Engagement	NaN	NaN	NaN	NaN	NaN	NaN	Duration Effect. Assign to your rival's leader. Produce X favor if the leader is vanquished. X equals the leader's deployment cost.	We were outnumbered five to one, but the righteousness of our cause drove us onward to victory. That was a dark day…	John Monteleone	Famous_Battle_Account.jpg	17	12
213	Fanaticism	NaN	EotS, JotC Deck	C	House	1	NaN	NaN	Plan	Tactic	Battle	Engagement	NaN	NaN	NaN	NaN	NaN	NaN	Duration Effect. Assign to your leader. The leader generates +1 force per additional participant.	"A storm is coming… our storm. And when it comes, it will shake the universe."	Anthony Hightower	Fanaticism.jpg	18	13
214	Feigned Unreadiness	NaN	EotS	C	House	0	NaN	NaN	Plan	Tactic	Battle	Engagement	NaN	NaN	NaN	NaN	NaN	NaN	Discard a target battle tactic.	Although appearance may suggest otherwise, Fremen are never caught unawares in the open desert.	Debbie Hughes	Feigned_Unreadiness.jpg	19	14
215	Financial Reward	Misprint in flavor text, unknown if reprinted with correction	EotS	U	House	0	NaN	NaN	Plan	Tactic	Arbitration	Engagement	NaN	NaN	NaN	NaN	NaN	NaN	Duration Effect. Assign to your rival's leader. Produce X solaris in your treasury if the leader is vanquished. X equals the leader's deployment cost.	The reprecussions of inept diplomacy can be very costly.	John Monteleone	Financial_Reward.jpg	20	15
216	Focused Gambit	NaN	EotS	C	House	1	NaN	NaN	Plan	Tactic	Intrigue	Engagement	NaN	NaN	NaN	NaN	NaN	NaN	Duration Effect. Assign to your leader. The leader generates +1 force per additional participant.	"I see plans within plans…"	John Monteleone	Focused_Gambit.jpg	21	16
217	Fold-Space Complications	NaN	EotS	R	House	2	NaN	NaN	Plan	Tactic	Declaration	NaN	NaN	NaN	NaN	NaN	NaN	NaN	Duration Effect. Assign to a target rival's homeworld. All aides and personnel deployed by the target must be placed in the engaged position. Discard Fold-Space Complications at the end of the current interval.	Time-space navigation is far from an exact science.	Mark Maxwell	Fold-Space_Complications.jpg	22	17
218	Formal Impressment	NaN	EotS	R	House	2	NaN	NaN	Plan	Tactic	Duel	Engagement	NaN	NaN	NaN	NaN	NaN	NaN	Duration Effect. Assign to a target participant governed by your rival. Capture the target if vanquished.	Houses will occasionally press enemies into service. Although such service rarely lasts long, it can be the source of great dishonor for the victim.	Ron Walotsky	Formal_Impressment.jpg	23	18
219	Hidden Reserves	NaN	EotS	R	House	1	NaN	NaN	Plan	Tactic	Initiative	Declaration	NaN	NaN	NaN	NaN	NaN	NaN	Duration Effect. Assign to your homeworld. Once rankings have been assigned, discard Hidden Reserves to draw a target card from your house discard. The target must be a card you discarded during the initiative phase.	The empire has never known their exact numbers.	John Monteleone	Hidden_Reserves.jpg	24	19
220	Hostage Option	NaN	EotS	R	House	2	NaN	NaN	Plan	Tactic	Intrigue	Engagement	NaN	NaN	NaN	NaN	NaN	NaN	Duration Effect. Assign to a target participant governed by your rival. Capture the target if vanquished.	The Forms of Kanly allow for the ransoming of nobles. Because of this, kidnapping can become a valuable political weapon.	Walter Velez	Hostage_Option.jpg	5	20
221	Imperial Codex	NaN	EotS	R	House	3	NaN	NaN	Plan	Tactic	Arbitration	Engagement	NaN	NaN	NaN	NaN	NaN	NaN	Duration Effect. Assign to your leader. Force assigned to your leader has no effect.	I have sudied the greatest statesmen of our age, and I have seen the path our House must take.	Audrey Corman	Imperial_Codex.jpg	6	21
222	Imperial Intervention	NaN	EotS	C	House	1	NaN	NaN	Plan	Tactic	Duel	Declaration	NaN	NaN	NaN	NaN	NaN	NaN	Engage a target persona.	The Emperor pays close attention to all disputes among the Houses. The Forms of Kanly must be obeyed… unless they happen to conflict with the Imperial agenda…	Debbie Hughes	Imperial_Intervention.jpg	7	22
223	Imperial Recess	NaN	EotS	U	House	0	NaN	NaN	Plan	Tactic	Declaration	NaN	NaN	NaN	NaN	NaN	NaN	NaN	Discard a target arbitration venture.	The Imperial court is rife with unlooked-for opportunity. Many secret deals are struck in the dim hallways and vacant antechambers of the Emperor's palace.	Terry Pavlet	Imperial_Recess.jpg	8	23
224	Inert Poison	NaN	EotS	R	House	1	NaN	NaN	Plan	Tactic	Declaration	NaN	NaN	NaN	NaN	NaN	NaN	NaN	Subdue a target card generating a Poison effect.	Know your weapons. Assassins rarely get a second chance…	Mark Poole	Inert_Poison.jpg	9	24
225	Intelligence, Espionage	NaN	EotS	C	House	0	NaN	NaN	Plan	Tactic	Intrigue	Engagement	NaN	NaN	NaN	NaN	NaN	NaN	Discard a target intrigue tactic.	"It is known to us that you have a traitor in your midst."	Darryl Elliot	Intelligence.jpg	10	25
226	Interests of Detente	NaN	EotS	R	House	3	NaN	NaN	Plan	Tactic	Arbitration	Engagement	NaN	NaN	NaN	NaN	NaN	NaN	Duration Effect. Assign to a target non-charter participant. Discard the target if vanquished.	"I'll miss the sea…"	Walter Velez	Interests_of_Detente.jpg	11	26
227	Invocation of Caste	Misprint in flavor text, unknown if reprinted with correction	EotS	U	House	0	NaN	NaN	Plan	Tactic	Initiative	Declaration	NaN	NaN	NaN	NaN	NaN	NaN	Engage an ally you govern to decrease the declared favor of a target house by an amount equal to the ally's command rank.	Always observe the appropriate protocol in the presence of the nobility. you'll live longer if you do…	Cortney Skinner	Invocation_of_Caste.jpg	12	27
228	Knife Switch	NaN	EotS	U	House	2	NaN	NaN	Plan	Tactic	Duel	Engagement	NaN	NaN	NaN	NaN	NaN	NaN	Duration Effect. Assign to a target participant. Target gains Surprise.	"You see your death…"	Christina Wald	Knife_Switch.jpg	13	28
229	Knife Tip Shatters	NaN	EotS	C	House	0	NaN	NaN	Plan	Tactic	Engagement	NaN	NaN	NaN	NaN	NaN	NaN	NaN	Subdue a target blade.	Even the finest blades can be broken by a poor strike against an active body shield.	Ted Naifeh	Knife_Tip_Shatters.jpg	14	29
230	Long, Cold Night	NaN	EotS	U	House	X	NaN	NaN	Plan	Tactic	Declaration	NaN	NaN	NaN	NaN	NaN	NaN	NaN	Discard X deferment tokens assigned to one or more target non-event cards. X may not exceed 5.	The Houses have eyes and ears on every planet and in every city. But who ever said the life of a spy was easy?	John Monteleone	Long,_Cold_Night.jpg	15	30
231	Low Morale	NaN	EotS	C	House	1	NaN	NaN	Plan	Tactic	Battle	Declaration	NaN	NaN	NaN	NaN	NaN	NaN	Engage a target persona or personnel.	Faith is the greatest motivator there is. A weak cause or a poor leader give men little to follow.	Walter Velez	Low_Morale.jpg	16	31
232	Magnanimous Appeal	NaN	EotS	U	House	0	NaN	NaN	Plan	Tactic	Petition	Declaration	NaN	NaN	NaN	NaN	NaN	NaN	Duration Effect. Assign to a target ally you govern. If you are the victor, engage the target to reduce the final deployment cost by X. X equals the target's command rank.	A powerful patron will occasionally provide unexpected aide…	David Martin	Magnanimous_Appeal.jpg	17	32
233	Marshalling of the Troops	NaN	EotS	U	House	2	NaN	NaN	Plan	Tactic	Battle	Declaration	NaN	NaN	NaN	NaN	NaN	NaN	Your leader may Direct.	"I want fifty legions of Sardaukar on Arrakis at once!"	Doug Chaffee	Marshalling_of_the_Troops.jpg	18	33
234	Mentat Precision	NaN	EotS	U	House	2	NaN	NaN	Plan	Tactic	Intrigue	Declaration	NaN	NaN	NaN	NaN	NaN	NaN	Your leader may Direct.	"Sector six through eighty progress reports, sire. Sector six eighty, copy the sixth, the summit, the eight… weave the eighty and call the fourth. Copy… The palace is now secure."	John Monteleone	Mentat_Precision.jpg	19	34
235	Moonlit Fray	NaN	EotS	U	House	2	NaN	NaN	Plan	Tactic	Duel	Declaration	NaN	NaN	NaN	NaN	NaN	NaN	Your leader may Direct.	You cannot hide… Now, your time has come!	David Leri	Moonlit_Fray.jpg	20	35
236	Perilous Terrain	Errata for operation text, reprinted in TaT Deck with correction	EotS, TaT Deck	U	House	0	NaN	NaN	Plan	Tactic	Battle	Declaration	NaN	NaN	NaN	NaN	NaN	NaN	Engage an eligible target to Counter. (ERRATA: Should read "Duration Effect. Assign to a target persona. Target may Counter.")	Always try to gain the high ground in battle. Attacking from a position of strength can make even a weak force appear strong.	Eric Anderson	Perilous_Terrain.jpg	21	36
237	Petitioning Savvy	NaN	EotS	R	House	0	NaN	NaN	Plan	Tactic	Petition	Declaration	NaN	NaN	NaN	NaN	NaN	NaN	Discard a target petition tactic.	The word of a Fremen sayyadina is obeyed without question.	Don Hillsman	Petitioning_Savvy.jpg	22	37
238	Petitioning Tithe	Errata to operation text, unknown if reprinted with correction	EotS	R	House	0	NaN	NaN	Plan	Tactic	Petition	Declaration	NaN	NaN	NaN	NaN	NaN	NaN	Duration Effect. Assign to the petition target. The victor must pay the final deployment cost to you instead of the imperial treasury. Once deployed, no other house may deploy Petitioning Tithe. (ERRATA: Should read: Once deployed, no other House may deploy Petitioning Tithe during the current petition. If this card is used by the Petitioner, the cost for the card is paid to himself. This does not lower the cost, nor allow you to ignore the restrictions on bidding.)	Loyalty to the Emperor can often be an expensive proposition.	Mark Maxwell	Petitioning_Tithe.jpg	23	38
239	Poisoned Blade	NaN	EotS	R	House	3	NaN	NaN	Plan	Tactic	Duel	Engagement	NaN	NaN	NaN	NaN	NaN	NaN	Duration Effect (Poison). Assign to a target participant. Discard the target if vanquished.	Poison can be a useful tool when you need a quick kill.	Christina Wald	Poisoned_Blade.jpg	24	39
240	Powerful Ally	NaN	EotS	U	House	0	NaN	NaN	Plan	Tactic	Initiative	Declaration	NaN	NaN	NaN	NaN	NaN	NaN	Engage an ally you govern to increase your declared favor by an amount equal to the ally's command rank.	I suspect that the Emperor himself might secretly support this plot…	Mark Poole	Powerful_Ally.jpg	5	10
241	Predawn Ritual	NaN	EotS	C	House	0	NaN	NaN	Plan	Tactic	Declaration	NaN	NaN	NaN	NaN	NaN	NaN	NaN	Engage a target personnel.	The Fremen are a deeply spiritual people. They conduct their desert ceremonies in the cool hours of the morning.	Michael Apice	Predawn_Ritual.jpg	6	11
242	Pre-Emptive Strike	NaN	EotS	U	House	0	NaN	NaN	Plan	Tactic	Declaration	NaN	NaN	NaN	NaN	NaN	NaN	NaN	Discard a target intrigue venture.	Swift and seemingly random destruction is the surest way to strike fear into the heart of your enemy.	Walter Velez	Pre-Emptive_Strike.jpg	7	12
245	Production Setbacks	NaN	EotS	C	House	2	NaN	NaN	Plan	Tactic	Declaration	NaN	NaN	NaN	NaN	NaN	NaN	NaN	Engage a target charter.	Most mercantile holdings require constant monitoring. If a House neglects its holdings, their production output often suffers.	Adam Wallenta	Production_Setbacks.jpg	10	15
247	Quality Inspection	NaN	EotS	R	House	3	NaN	NaN	Plan	Tactic	Exchange	Declaration	NaN	NaN	NaN	NaN	NaN	NaN	Target rival may not sell spice during their CHOAM Exchange operation.	Without the spice, the Spacing Guild would not exist. Their inspectors keep a close eye on every House involved in its mining and production.	Debbie Hughes	Quality_Inspection.jpg	12	17
249	Scuttled Negotiation	NaN	EotS	R	House	0	NaN	NaN	Plan	Tactic	Petition	Declaration	NaN	NaN	NaN	NaN	NaN	NaN	Duration Effect. Assign to the petition target. If you are the victor of the petition, you may pay X additional solaris to discard the target. X equals the target's deployment cost.	Never! We will not back down. You may return to your liege and give him our answer.	David Leri	Scuttled_Negotiation.jpg	14	19
251	Security Sweep	NaN	EotS	C	House	2	NaN	NaN	Plan	Tactic	Declaration	NaN	NaN	NaN	NaN	NaN	NaN	NaN	Engage a target fief.	"The city is under martial law. We have troops here headquartered underground on sub-floors six through ten… Our new army is still in training, but everything is shielded."	David Cherry	Security_Sweep.jpg	16	21
252	Shield Failure	Errata to operation text, unknown if reprinted with correction	EotS	C	House	0	NaN	NaN	Plan	Tactic	Engagement	NaN	NaN	NaN	NaN	NaN	NaN	NaN	Subdue a target Shield. (ERRATA: Should read "discard a target shield.")	While energy shields provide nearly impenetrable protection, they can also be somewhat unreliable…	Zak Plucinski	Shield_Failure.jpg	17	22
253	Slow Attack	NaN	EotS	C	House	1	NaN	NaN	Plan	Tactic	Duel	Engagement	NaN	NaN	NaN	NaN	NaN	NaN	Duration Effect. Assign to your leader. The leader generates  a +3 force if a rival participant is assigned a deployment shield.	"The slow blade penetrates the shield."	Stephen Daniele	Slow_Attack.jpg	18	23
254	Sterling Reputation	NaN	EotS	U	House	2	NaN	NaN	Plan	Tactic	Arbitration	Declaration	NaN	NaN	NaN	NaN	NaN	NaN	Your leader may Direct.	"The Duke is becoming more popular in the Landsraad. He could threaten us."	Debbie Hughes	Sterling_Reputation.jpg	19	24
255	Storm Hazard	NaN	EotS	C	House	1	NaN	NaN	Plan	Tactic	Declaration	NaN	NaN	NaN	NaN	NaN	NaN	NaN	Engage a target transport.	"With the storm, their air power will be useless. On Arrakis, it's desert power."	Walter Velez	Storm_Hazard.jpg	20	25
300	Surgical Strike	NaN	EotS	U	House	2	NaN	Battle 2	Plan	Venture	Battle	NaN	NaN	NaN	NaN	NaN	NaN	NaN	Subdue a target bastion.	Our weaponmaster reports that their defenses are down and they're now vulnerable to a ground assault. Sire, it appears our surgical strike team was successful.	Tom Baxa	Surgical_Strike.jpg	5	10
256	Supply Tampering	NaN	EotS	R	House	0	NaN	NaN	Plan	Tactic	Declaration	NaN	NaN	NaN	NaN	NaN	NaN	NaN	Duration Effect. Assign to a target rival's homeworld. All equipment deployed by target must be placed in the engaged position. Discard Supply Tampering at the end of the current interval.	The Guild occasionally takes unexpected "tribute" from the goods it transports.	Mark Maxwell	Supply_Tampering.jpg	21	26
257	Surprise Assault	NaN	EotS	U	House	2	NaN	NaN	Plan	Tactic	Battle	Engagement	NaN	NaN	NaN	NaN	NaN	NaN	Duration Effect. Assign to a target participant. Target gains Surprise.	We're picking up something on the secure channel… It's battle language! What are they saying? Translate! Translate!	Matt Wilson	Surprise_Assault.jpg	22	27
258	Terrain Advantage	NaN	EotS	R	House	3	NaN	NaN	Plan	Tactic	Battle	Engagement	NaN	NaN	NaN	NaN	NaN	NaN	Duration Effect. Assign to your leader. Force assigned to your leader has no effect.	Fremen understand the importance of good positioning on the battlefield. Some might say they take this philosophy to an extreme…	Terry Pavlet	Terrain_Advantage.jpg	23	28
259	Tiger Cunning	NaN	EotS	U	House	2	NaN	NaN	Plan	Tactic	Intrigue	Engagement	NaN	NaN	NaN	NaN	NaN	NaN	Duration Effect. Assign to a target participant. Target gains Surprise.	Surprise is often an operative's most formidable ally…	David Leri	Tiger_Cunning.jpg	24	29
261	Vanish Without a Trace	NaN	EotS	U	House	0	NaN	NaN	Plan	Tactic	Declaration	NaN	NaN	NaN	NaN	NaN	NaN	NaN	Discard a target dueling venture.	Born and bred in the deep desert, they know its secret ways…	Debbie Hughes	Vanish_Without_a_Trace.jpg	6	31
263	Weapon Misfire	NaN	EotS	C	House	0	NaN	NaN	Plan	Tactic	Engagement	NaN	NaN	NaN	NaN	NaN	NaN	NaN	Subdue a target projectile.	Imperial technology is often far from perfect…	Zak Plucinski	Weapon_Misfire.jpg	8	33
264	Well-Placed Bribes	Errata to subtype 3, unknown if reprinted with correction	EotS	C	House	1	NaN	NaN	Plan	Tactic	Arbitration	Engagement \n(ERRATA:\nShould be Declaration)	NaN	NaN	NaN	NaN	NaN	NaN	Engage a target persona or personnel.	Everyone and everything has its price. The real trick is to pay as little as possible.	David Martin	Well-Placed_Bribes.jpg	9	34
265	Witness Testimonial	Misprint, typo in operation text, unknown if reprinted with correction	EotS	U	House	0	NaN	NaN	Plan	Tactic	Intrigue	Engagement	NaN	NaN	NaN	NaN	NaN	NaN	Duration Effect. Assign to your rival's leader. You rival must discard X favor if the leader is vanquished. X equals the leader's deployment cost.	The cover of darkness often brings a different kind of embrace…	Cortney Skinner	Witness_Testimonial.jpg	10	35
266	Act of Cowardice	NaN	EotS	U	House	2	NaN	Dueling 1	Plan	Venture	Dueling	NaN	NaN	NaN	NaN	NaN	NaN	NaN	Reduce a rival's favor by X. X equals the assigned persona's dueling talent.	There is no honor in a knife in the back, no glory in a poisoned blade.	John Pierard	Act_of_Cowardice.jpg	11	36
267	Arclight Assault	Errata for operation text, reprinted in TaT Deck with correction	EotS, TaT Deck	C	House	1	NaN	Battle 1	Plan	Venture	Battle	NaN	NaN	NaN	NaN	NaN	NaN	NaN	Initiate a battle rite. The assigned persona must lead the rite. This venture does not count against your house interval limit. (Errata: This rite does not count against your house interval limit.)	NaN	Walter Velez	Arclight_Assault.jpg	12	37
270	Chaumurky	NaN	EotS	R	House	3	NaN	Intrigue 3	Plan	Venture	Intrigue	NaN	NaN	NaN	NaN	NaN	NaN	NaN	Poison Effect. Discard a target subdued persona.	Chaumurky. Assassination by poisoned drink. An art form nearly brought to extinction due to the increased reliance on automated poison detectors.	Audrey Corman	Chaumurky.jpg	15	10
271	Coins Under the Table	Errata for operation text, reprinted in TaT Deck with correction	EotS, TaT Deck	C	House	1	NaN	Arbitration 1	Plan	Venture	Arbitration	NaN	NaN	NaN	NaN	NaN	NaN	NaN	Initiate an arbitration rite. The assigned persona must lead the rite. This venture does not count against your house interval limit. (Errata: This rite does not count against your house interval limit.)	As the ancient saying goes, "In any negotiation, always keep your most valued coin out of reach and out of sight…"	Cortney Skinner	Coins_under_the_Table.jpg	16	11
272	Compel Surrender	NaN	EotS	R	House	3	NaN	Dueling 3	Plan	Venture	Dueling	NaN	NaN	NaN	NaN	NaN	NaN	NaN	Capture a target subdued ally.	In matters of Kanly, the forms are everything. Should you be spared during a duel, you must surrender your blade to your rival. While they wear it on their person, you remain in their debt…	Audrey Corman	Compel_Surrender.jpg	17	12
273	Exchange Proxy	NaN	EotS	C	House	3	NaN	NaN	Plan	Venture	Exchange	NaN	NaN	NaN	NaN	NaN	NaN	NaN	Conduct an additional CHOAM Exchange operation.	Poorer Houses often act as proxies for wealthier Houses on the floor of the Choam Exchange. This form of limited combine has existed in CHOAM since its founding.	Doug Beekman	Exchange_Proxy.jpg	18	13
274	Expeditionary Invasion	NaN	EotS	R	House	4	NaN	Battle 3	Plan	Venture	Battle	NaN	NaN	NaN	NaN	NaN	NaN	NaN	Capture a target subdued fief, except a homeworld or Dune.	When petitioning proves ineffectual, and negotiations reach an impasse, there's yet one path that may lead to victory.	Debbie Hughes	Expeditionary_Invasion.jpg	19	14
275	Forbidden Match	NaN	EotS	C	House	1	NaN	Dueling 1	Plan	Venture	Dueling	NaN	NaN	NaN	NaN	NaN	NaN	NaN	Initiate a dueling rite. The assigned persona must lead the rite. This venture does not count against your house interval limit.	In emulation of the nobility, people of common birth occasionally duel to settle issues of honor or reputation even though the Conventions forbid it.	Stephen Daniele	Forbidden_Match.jpg	20	15
276	Formal Discharge	Misprint, typo in operation text, unknown if reprinted with correction	EotS	C	House	3	NaN	NaN	Plan	Venture	Transfer	NaN	NaN	NaN	NaN	NaN	NaN	NaN	Transfer a target sudbued ally to it's governor's assembly.	A Mentat's recipe for a successful frame-up: one part seeded suspicion, two parts twisted perspective, and a dash of contrived misinformation.	Cortney Skinner	Formal_Discharge.jpg	21	16
277	Historic Acquisition	NaN	EotS	R	House	3	NaN	Arbitration 3	Plan	Venture	Arbitration	NaN	NaN	NaN	NaN	NaN	NaN	NaN	Capture a target subdued charter, except Dune.	Victory is ours! Let there be great celebration so that the people may remember this historic occasion.	Debbie Hughes	Historic_Acquisition.jpg	22	17
278	House Atomics	NaN	EotS	R	House	0	NaN	Battle 3	Plan	Venture	Battle	NaN	NaN	NaN	NaN	NaN	NaN	NaN	Reduce your favor by X to discard any target subdued fief, except a homeworld or Dune. X equals the target's deployment cost.	Damn the Convention! This isn't battle; its annihilation. Use the atomics!	Eric Anderson	House_Atomics.jpg	23	18
279	Implicate Traitor	Errata to operation text, unknown if reprinted with correction	EotS	C	House	2	NaN	Intrigue 2	Plan	Venture	Intrigue	NaN	NaN	NaN	NaN	NaN	NaN	NaN	Apply X force to a target aide. If applied force exceeds the target's resistance, subdue the target. X equals the assigned persona's intrigue rank. (ERRATA: Should read "Apply X force to target ally. If applied force equals or exceeds the target's resistance, subdue the target. X equals the assigned persona's intrigue rank.")	Let them intercept a false message and then watch the suspicion take root.	Walter Velez	Implicate_Traitor.jpg	24	19
280	Industrial Sabotage	NaN	EotS	U	House	1	NaN	Intrigue 2	Plan	Venture	Intrigue	NaN	NaN	NaN	NaN	NaN	NaN	NaN	Subdue a target transport.	We've destroyed the transports! Their charge to victory will become a plunge to defeat!	Ron Walotsky	Industrial_Sabotage.jpg	5	20
281	Informal Induction	NaN	EotS	U	House	1	NaN	NaN	Plan	Venture	Petition	NaN	NaN	NaN	NaN	NaN	NaN	NaN	Transfer a target ally from your assembly to your domain and assign 1 deferment token to it.	We refuse to dally with the formalities of the Assembly. Long have we preferred to approach our allies directly, avoiding the annoyances of this outdated courtship called the Petition.	Ron Walotsky	Informal_Induction.jpg	6	21
282	Liquidation Measures	NaN	EotS	R	House	3	NaN	Arbitration 3	Plan	Venture	Arbitration	NaN	NaN	NaN	NaN	NaN	NaN	NaN	Discard target subdued charter.	To liquidate a holding that is prized by your enemies, what an affront! But when the order comes down for them to do the same, imagine their outrage to learn of your part in it. Oh what sweet bliss!	David Leri	Liquidation_Measures.jpg	7	22
283	Litany Against Fear	Errata to operation text, unknown if reprinted with correction	EotS	U	House	0	NaN	Weirding 1	Plan	Venture	Weirding	NaN	NaN	NaN	NaN	NaN	NaN	NaN	Duration Effect. If assigned Persona is engaged to participate in a Rite, it gains +X Resistance. X equals the current Weirding rank of target. (ERRATA: Should read: "Initiate a Rite. The assigned persona gains a +X bonus to their Resistance where X is the target's Weirding Rank." The Persona using this card need not possess the required talent for the Rite.	"Fear is the little death that brings total obliteration. I will face my fear."	John Pierard	Litany_Against_Fear.jpg	8	23
284	Pogrom	Errata to operation text, unknown if reprinted with correction	EotS	C	House	2	NaN	Battle 2	Plan	Venture	Battle	NaN	NaN	NaN	NaN	NaN	NaN	NaN	Apply X force to a target fief, except Dune. If applied force exceeds the target's resistance, subdue the target. X equals the assigned persona's battle rank. (ERRATA: Should read "Apply X force to target fief. If applied force equals or exceeds the target's resistance, subdue the target. X equals the assigned persona's battle rank." This will affect Tupile, since Tupile is immune to Battle Rites, not Ventures, and this Venture does not create a Rite.)	"They shall come all for violence… And they shall gather the captivity of the sand."	Ted Naifeh	Pogrom.jpg	9	24
285	Policy of Oppression	NaN	EotS	C	House	0	NaN	NaN	Plan	Venture	Engagement	NaN	NaN	NaN	NaN	NaN	NaN	NaN	Discard 1 favor to disengage a target holding you govern.	"Drive them! Drive them into utter submission! Do not show the slightest pity or mercy!" -Baron Harkonnen	Alan Clark	Policy_of_Oppression.jpg	10	25
286	Prescience Trance	NaN	EotS	U	House	0	NaN	Prescience 3	Plan	Venture	Prescience	NaN	NaN	NaN	NaN	NaN	NaN	NaN	Prescience Effect. Assign or discard up to X deferment tokens to or from a target subdued event. X equals the assigned persona's prescience rank.	The spice has given us forced evolution for over four thousand years.	Doug Beekman	Prescience_Trance.jpg	11	26
288	Prophetic Vision	NaN	EotS	R	House	0	NaN	Prescience 5	Plan	Venture	Prescience	NaN	NaN	NaN	NaN	NaN	NaN	NaN	Prescience Effect. Capture a target subdued event.	"I am dead to everyone unless I try to become what I may be…"	Rob Alexander	Prophetic_Vision.jpg	13	28
289	Provoke Insurgency	Errata to operation text, unknown if reprinted with correction	EotS	C	House	2	NaN	Arbitration 2	Plan	Venture	Arbitration	NaN	NaN	NaN	NaN	NaN	NaN	NaN	Apply X force to a target charter, except Dune. If applied force exceeds the target's resisitance, subdue the target. X equals the assigned persona's arbitration rank. (ERRATA: Should read "Apply X force to target charter. If applied force equals or exceeds the target's resistance, subdue the target. X equals the assigned persona's arbitration rank.")	Send out the propagandists. I want reports of rioting before the week's end!	Alan Pollack	Provoke_Insurgency.jpg	14	29
290	Recruitment Drive	NaN	EotS	C	House	0	NaN	NaN	Plan	Venture	Deployment	NaN	NaN	NaN	NaN	NaN	NaN	NaN	Duration Effect. Reduce the deployment cost of all aides and personnel you deploy from your hand by 1 solari each.	"We desparately need more spice miners. We need spice drivers, weather scanners, dune men. You must persuade them to enlist with us."	Alan Pollack	Recruitment_Drive.jpg	15	30
291	Return to the Floor	NaN	EotS	C	House	1	NaN	NaN	Plan	Venture	Petition	NaN	NaN	NaN	NaN	NaN	NaN	NaN	Initiate a petition to deploy a card in your assembly regardless of whether you've lost a petition during the current interval.	Though perserverance is occasionally its own reward, most Houses will only risk humiliation and ridicule when their secret agenda warrants it.	Brian Durfee	Return_to_the_Floor.jpg	16	31
292	Salvaging Operation	Misprint, typo in flavor text, unknown if reprinted with correction	EotS	R	House	3	NaN	NaN	Plan	Venture	Draw	NaN	NaN	NaN	NaN	NaN	NaN	NaN	Draw up to X cards from the top of your house discard and reshuffle them into your house deck. X equals the assigned persona's command rank.	With the Guild monitoring all House trade, salvaging operations enable Houses to replenish their supplies beyone the Guild's prying eyes.	Doug Chaffee	Salvaging_Operation.jpg	17	32
294	Sharing of Inner Lives	NaN	EotS	R	House	1	NaN	Weirding 2	Plan	Venture	Weirding	NaN	NaN	NaN	NaN	NaN	NaN	NaN	Tramsfer a target skill or title enhancement from a target Sisterhood persona to the assigned persona.	"Our Reverend Mother is too old… She has been calling through space and time for you to come and let her rest."	Zak Plucinski	Sharing_of_Inner_Lives.jpg	19	34
295	Silo Destruction	NaN	EotS	R	House	1	NaN	NaN	Plan	Venture	Discard	NaN	NaN	NaN	NaN	NaN	NaN	NaN	Discard 1 spice from a target rival's hoard.	"He who controls the spice, controls the universe." Terrorism is often the quickest way to undermine a House's reserves.	Eric Anderson	Silo_Destruction.jpg	20	35
299	Subvert Arrangement	NaN	EotS	U	House	1	NaN	Arbitration 2	Plan	Venture	Arbitration	NaN	NaN	NaN	NaN	NaN	NaN	NaN	Subdue a target compact.	Negotiation is a zero sum gain - one gains only by another's loss. The important thing to remember is that the matter at stake is not always what it appears to be.	Darryl Elliot	Subvert_Arrangement.jpg	24	39
302	Traverse Fold-Space	NaN	EotS	R	House	0	NaN	Prescience 4	Plan	Venture	Prescience	NaN	NaN	NaN	NaN	NaN	NaN	NaN	Prescience Effect. Search through your imperial or house deck and draw a target card into your assembly or hand. Reshuffle the deck after drawing the target.	"Soon they will… fold space. Far off in the control rooms of spice gas… traveling without moving."	Terry Pavlet	Traverse_Fold-Space.jpg	7	12
303	Truth Saying	NaN	EotS	R	House	3	NaN	Weirding 3	Plan	Venture	Weirding	NaN	NaN	NaN	NaN	NaN	NaN	NaN	Reduce the favor of a target by 3.	The uninitiated are powerless against a full truthsayer. The Voice can seldom be resisted…	Alan Clark	Truth_Saying.jpg	8	13
304	Twilight Assault	Errata for operation text, reprinted in TaT Deck with correction	EotS, TaT Deck	C	House	1	NaN	Intrigue 1	Plan	Venture	Intrigue	NaN	NaN	NaN	NaN	NaN	NaN	NaN	Initiate an intrigue rite. The assigned persona must lead the rite. This venture does not count against your house interval limit. (Errata: This rite does not count against your house interval limit.)	Guerilla raid by arclight, sabotage by twilight. It's all the same. A mentat's gambit set in motion…	Tom Baxa	Twilight_Assault.jpg	9	14
305	Unprecedented Intercession	NaN	EotS	R	House	3	NaN	NaN	Plan	Venture	Petition	NaN	NaN	NaN	NaN	NaN	NaN	NaN	Initiate a petition to deploy a target holding in a rival's assembly as the petitioner. If declared the victor, deploy the target in your domain. Otherwise, turn the card face-down in its current location.	The fools know not what they do… With the Emperor's support, we will seize the fief ourselves!	Audrey Corman	Unprecedented_Intercession.jpg	10	15
306	Usurp Holding	NaN	EotS	C	House	3	NaN	NaN	Plan	Venture	Transfer	NaN	NaN	NaN	NaN	NaN	NaN	NaN	Transfer a target subdued holding to its governor's assembly. (ERRATA: May be used to target Dune and should read: "Transfer a target subdued, non-homeworld holding to its governor's assembly.")	Losing a thing to your enemies bites far deeper than never having a thing at all.	Mark Maxwell	Usurp_Holding.jpg	11	16
307	Vendetta	NaN	EotS	R	House	3	NaN	Dueling 3	Plan	Venture	Dueling	NaN	NaN	NaN	NaN	NaN	NaN	NaN	Discard a target subdued persona.	"He wishes to inform you that Vendetta - as he puts it, using the ancient tongue, the art of Kanly - is still alive."	Stephen Daniele	Vendetta.jpg	12	17
308	Voice Command	NaN	EotS	U	House	3	NaN	Weirding 2	Plan	Venture	Weirding	NaN	NaN	NaN	NaN	NaN	NaN	NaN	Duration Effect (Voice). Capture target persona whose weirding rank is lower than the assigned persona's. Replace target when Voice Command is discarded. Target retains its status when replaced.	"Ignore the normal order of training… his safety requires the Voice."	David Fooden	Voice_Command.jpg	13	18
309	Waking Dream, Premonition	NaN	EotS	U	House	0	NaN	Prescience 1	Plan	Venture	Prescience	NaN	NaN	NaN	NaN	NaN	NaN	NaN	Prescience Effect. Examine up to X target cards in a rival's assembly of hand. X equals the assigned persona's prescience rank.	"The sleeper must awaken…"	David Fooden	Waking_Dream.jpg	14	19
310	Water Rationing	NaN	EotS	C	House	0	NaN	NaN	Plan	Venture	Deployment	NaN	NaN	NaN	NaN	NaN	NaN	NaN	Duration Effect. If you govern Dune, reduce the deployment cost of all troops by 1 solari each.	"On Arrakis, the existence of an operating army depends upon these water-saving procedures. Remember, water is life."	Walter Velez	Water_Rationing.jpg	15	20
\.


--
-- Data for Name: django_admin_log; Type: TABLE DATA; Schema: public; Owner: taylor
--

COPY public.django_admin_log (id, action_time, object_id, object_repr, action_flag, change_message, content_type_id, user_id) FROM stdin;
1	2024-07-13 13:26:38.910982-07	106	Prescience, Power of Prophecy	2	[{"changed": {"fields": ["Image file"]}}]	7	1
2	2024-07-13 13:28:23.135443-07	1	Dune, Center of the Universe	2	[{"changed": {"fields": ["Image file"]}}]	7	1
3	2024-07-13 13:28:44.738465-07	2	Dune, Center of the Universe	2	[{"changed": {"fields": ["Image file"]}}]	7	1
4	2024-07-13 13:28:54.482942-07	2	Dune, Center of the Universe	2	[]	7	1
5	2024-07-13 13:30:29.520273-07	6	The Minor Erg, Desert Expanse	2	[{"changed": {"fields": ["Image file"]}}]	7	1
6	2024-07-13 13:31:47.764429-07	6	The Minor Erg, Desert Expanse	2	[{"changed": {"fields": ["Image file"]}}]	7	1
7	2024-07-13 13:34:41.872948-07	2	Dune, Center of the Universe	2	[{"changed": {"fields": ["Image file"]}}]	7	1
8	2024-07-13 13:34:47.543369-07	1	Dune, Center of the Universe	2	[{"changed": {"fields": ["Image file"]}}]	7	1
9	2024-07-13 13:34:58.673204-07	106	Prescience, Power of Prophecy	2	[{"changed": {"fields": ["Image file"]}}]	7	1
10	2024-07-13 13:35:44.792924-07	106	Prescience, Power of Prophecy	2	[]	7	1
11	2024-07-13 13:36:04.43756-07	106	Prescience, Power of Prophecy	2	[{"changed": {"fields": ["Image file"]}}]	7	1
12	2024-07-15 23:20:07.859167-07	3	1234	2	[{"changed": {"fields": ["Staff status", "Superuser status"]}}]	4	1
13	2024-07-16 22:39:49.812886-07	1	Dune, Center of the Universe	3		7	1
14	2024-07-19 09:17:45.483181-07	298	Stranglehold, House Coup	3		7	1
15	2024-07-19 09:21:39.642213-07	25	Sisterhood Covenant	3		7	1
16	2024-07-19 09:23:19.315579-07	80	Renegade Sister	3		7	1
17	2024-07-19 10:19:38.514837-07	4	Carthag, Harkonnen Megalopolis	3		7	1
18	2024-07-19 10:19:52.001774-07	79	Levenbreche, Sardaukar Officer	3		7	1
19	2024-07-19 10:21:25.323459-07	46	Count Hasmir Fenring	3		7	1
20	2024-07-19 13:14:00.650233-07	262	Venomous Faith	3		7	1
21	2024-07-19 13:14:56.511265-07	14	Bene Tlielax Accord	3		7	1
22	2024-07-19 13:16:25.90538-07	248	Rachag Stimulants	3		7	1
23	2024-07-19 13:17:09.177683-07	94	Hereditary Claim	3		7	1
\.


--
-- Data for Name: django_content_type; Type: TABLE DATA; Schema: public; Owner: taylor
--

COPY public.django_content_type (id, app_label, model) FROM stdin;
1	admin	logentry
2	auth	permission
3	auth	group
4	auth	user
5	contenttypes	contenttype
6	sessions	session
7	gameapp	card
8	gameapp	deck
9	authtoken	token
10	authtoken	tokenproxy
11	token_blacklist	blacklistedtoken
12	token_blacklist	outstandingtoken
\.


--
-- Data for Name: django_migrations; Type: TABLE DATA; Schema: public; Owner: taylor
--

COPY public.django_migrations (id, app, name, applied) FROM stdin;
1	contenttypes	0001_initial	2024-06-30 23:00:26.479453-07
2	auth	0001_initial	2024-06-30 23:00:26.559881-07
3	admin	0001_initial	2024-06-30 23:00:26.580828-07
4	admin	0002_logentry_remove_auto_add	2024-06-30 23:00:26.586055-07
5	admin	0003_logentry_add_action_flag_choices	2024-06-30 23:00:26.591132-07
6	contenttypes	0002_remove_content_type_name	2024-06-30 23:00:26.602963-07
7	auth	0002_alter_permission_name_max_length	2024-06-30 23:00:26.608637-07
8	auth	0003_alter_user_email_max_length	2024-06-30 23:00:26.614334-07
9	auth	0004_alter_user_username_opts	2024-06-30 23:00:26.620357-07
10	auth	0005_alter_user_last_login_null	2024-06-30 23:00:26.626185-07
11	auth	0006_require_contenttypes_0002	2024-06-30 23:00:26.627754-07
12	auth	0007_alter_validators_add_error_messages	2024-06-30 23:00:26.634774-07
13	auth	0008_alter_user_username_max_length	2024-06-30 23:00:26.646952-07
14	auth	0009_alter_user_last_name_max_length	2024-06-30 23:00:26.652899-07
15	auth	0010_alter_group_name_max_length	2024-06-30 23:00:26.660009-07
16	auth	0011_update_proxy_permissions	2024-06-30 23:00:26.666385-07
17	auth	0012_alter_user_first_name_max_length	2024-06-30 23:00:26.673357-07
18	gameapp	0001_initial	2024-06-30 23:00:26.706193-07
19	sessions	0001_initial	2024-06-30 23:00:26.721946-07
20	gameapp	0002_rename_power_card_attack_and_more	2024-07-12 15:08:49.400841-07
21	gameapp	0003_rename_faction_card_command_remove_card_abilities_and_more	2024-07-12 19:29:56.625438-07
22	gameapp	0004_deck_cards_alter_card_deck	2024-07-12 19:29:56.665839-07
23	gameapp	0005_remove_deck_cards_alter_card_allegiance_and_more	2024-07-12 19:29:56.707439-07
24	authtoken	0001_initial	2024-07-15 22:22:32.23176-07
25	authtoken	0002_auto_20160226_1747	2024-07-15 22:22:32.247843-07
26	authtoken	0003_tokenproxy	2024-07-15 22:22:32.249868-07
27	authtoken	0004_alter_tokenproxy_options	2024-07-15 22:22:32.254205-07
28	token_blacklist	0001_initial	2024-07-16 23:56:10.823935-07
29	token_blacklist	0002_outstandingtoken_jti_hex	2024-07-16 23:56:10.830579-07
30	token_blacklist	0003_auto_20171017_2007	2024-07-16 23:56:10.837385-07
31	token_blacklist	0004_auto_20171017_2013	2024-07-16 23:56:10.849679-07
32	token_blacklist	0005_remove_outstandingtoken_jti	2024-07-16 23:56:10.856394-07
33	token_blacklist	0006_auto_20171017_2113	2024-07-16 23:56:10.86185-07
34	token_blacklist	0007_auto_20171017_2214	2024-07-16 23:56:10.879566-07
35	token_blacklist	0008_migrate_to_bigautofield	2024-07-16 23:56:10.917328-07
36	token_blacklist	0010_fix_migrate_to_bigautofield	2024-07-16 23:56:10.926241-07
37	token_blacklist	0011_linearizes_history	2024-07-16 23:56:10.927796-07
38	token_blacklist	0012_alter_outstandingtoken_user	2024-07-16 23:56:10.933232-07
\.


--
-- Data for Name: django_session; Type: TABLE DATA; Schema: public; Owner: taylor
--

COPY public.django_session (session_key, session_data, expire_date) FROM stdin;
nqgcdf52ooo9v0we1pfgioko2ekho0h6	.eJxVjEEOwiAQRe_C2hAGykBduu8ZGgYmUjWQlHZlvLs06UK3_73332IO-5bnvfE6L0lcBYjL70YhPrkcID1CuVcZa9nWheShyJM2OdXEr9vp_h3k0HKv0TrvB6-UYdSAwQ2j9ZaspxE0GkPJKQNEGiECKmIGiKYHnnrJKD5flgE2Iw:1sSSgU:RUd_qnNhBlj_7IUX16OwmHabh-tiVGfAgT4skvU50PA	2024-07-26 19:40:26.888287-07
\.


--
-- Data for Name: gameapp_card; Type: TABLE DATA; Schema: public; Owner: taylor
--

COPY public.gameapp_card (id, name, command, image_file, allegiance, artist, cost, deck_id, errata, flavor_text, operation_text, rarity, resistance, set, subtype1, subtype2, subtype3, subtype4, talent1, talent2, talent3, talent_req, type) FROM stdin;
\.


--
-- Data for Name: gameapp_deck; Type: TABLE DATA; Schema: public; Owner: taylor
--

COPY public.gameapp_deck (id, name) FROM stdin;
\.


--
-- Data for Name: token_blacklist_blacklistedtoken; Type: TABLE DATA; Schema: public; Owner: taylor
--

COPY public.token_blacklist_blacklistedtoken (id, blacklisted_at, token_id) FROM stdin;
\.


--
-- Data for Name: token_blacklist_outstandingtoken; Type: TABLE DATA; Schema: public; Owner: taylor
--

COPY public.token_blacklist_outstandingtoken (id, token, created_at, expires_at, user_id, jti) FROM stdin;
\.


--
-- Name: auth_group_id_seq; Type: SEQUENCE SET; Schema: public; Owner: taylor
--

SELECT pg_catalog.setval('public.auth_group_id_seq', 1, false);


--
-- Name: auth_group_permissions_id_seq; Type: SEQUENCE SET; Schema: public; Owner: taylor
--

SELECT pg_catalog.setval('public.auth_group_permissions_id_seq', 1, false);


--
-- Name: auth_permission_id_seq; Type: SEQUENCE SET; Schema: public; Owner: taylor
--

SELECT pg_catalog.setval('public.auth_permission_id_seq', 48, true);


--
-- Name: auth_user_groups_id_seq; Type: SEQUENCE SET; Schema: public; Owner: taylor
--

SELECT pg_catalog.setval('public.auth_user_groups_id_seq', 1, false);


--
-- Name: auth_user_id_seq; Type: SEQUENCE SET; Schema: public; Owner: taylor
--

SELECT pg_catalog.setval('public.auth_user_id_seq', 3, true);


--
-- Name: auth_user_user_permissions_id_seq; Type: SEQUENCE SET; Schema: public; Owner: taylor
--

SELECT pg_catalog.setval('public.auth_user_user_permissions_id_seq', 1, false);


--
-- Name: cards2_id_seq; Type: SEQUENCE SET; Schema: public; Owner: taylor
--

SELECT pg_catalog.setval('public.cards2_id_seq', 311, true);


--
-- Name: cards_id_seq; Type: SEQUENCE SET; Schema: public; Owner: taylor
--

SELECT pg_catalog.setval('public.cards_id_seq', 1, false);


--
-- Name: django_admin_log_id_seq; Type: SEQUENCE SET; Schema: public; Owner: taylor
--

SELECT pg_catalog.setval('public.django_admin_log_id_seq', 23, true);


--
-- Name: django_content_type_id_seq; Type: SEQUENCE SET; Schema: public; Owner: taylor
--

SELECT pg_catalog.setval('public.django_content_type_id_seq', 12, true);


--
-- Name: django_migrations_id_seq; Type: SEQUENCE SET; Schema: public; Owner: taylor
--

SELECT pg_catalog.setval('public.django_migrations_id_seq', 38, true);


--
-- Name: gameapp_card_id_seq; Type: SEQUENCE SET; Schema: public; Owner: taylor
--

SELECT pg_catalog.setval('public.gameapp_card_id_seq', 1, false);


--
-- Name: gameapp_deck_id_seq; Type: SEQUENCE SET; Schema: public; Owner: taylor
--

SELECT pg_catalog.setval('public.gameapp_deck_id_seq', 2, true);


--
-- Name: token_blacklist_blacklistedtoken_id_seq; Type: SEQUENCE SET; Schema: public; Owner: taylor
--

SELECT pg_catalog.setval('public.token_blacklist_blacklistedtoken_id_seq', 1, false);


--
-- Name: token_blacklist_outstandingtoken_id_seq; Type: SEQUENCE SET; Schema: public; Owner: taylor
--

SELECT pg_catalog.setval('public.token_blacklist_outstandingtoken_id_seq', 1, false);


--
-- Name: auth_group auth_group_name_key; Type: CONSTRAINT; Schema: public; Owner: taylor
--

ALTER TABLE ONLY public.auth_group
    ADD CONSTRAINT auth_group_name_key UNIQUE (name);


--
-- Name: auth_group_permissions auth_group_permissions_group_id_permission_id_0cd325b0_uniq; Type: CONSTRAINT; Schema: public; Owner: taylor
--

ALTER TABLE ONLY public.auth_group_permissions
    ADD CONSTRAINT auth_group_permissions_group_id_permission_id_0cd325b0_uniq UNIQUE (group_id, permission_id);


--
-- Name: auth_group_permissions auth_group_permissions_pkey; Type: CONSTRAINT; Schema: public; Owner: taylor
--

ALTER TABLE ONLY public.auth_group_permissions
    ADD CONSTRAINT auth_group_permissions_pkey PRIMARY KEY (id);


--
-- Name: auth_group auth_group_pkey; Type: CONSTRAINT; Schema: public; Owner: taylor
--

ALTER TABLE ONLY public.auth_group
    ADD CONSTRAINT auth_group_pkey PRIMARY KEY (id);


--
-- Name: auth_permission auth_permission_content_type_id_codename_01ab375a_uniq; Type: CONSTRAINT; Schema: public; Owner: taylor
--

ALTER TABLE ONLY public.auth_permission
    ADD CONSTRAINT auth_permission_content_type_id_codename_01ab375a_uniq UNIQUE (content_type_id, codename);


--
-- Name: auth_permission auth_permission_pkey; Type: CONSTRAINT; Schema: public; Owner: taylor
--

ALTER TABLE ONLY public.auth_permission
    ADD CONSTRAINT auth_permission_pkey PRIMARY KEY (id);


--
-- Name: auth_user_groups auth_user_groups_pkey; Type: CONSTRAINT; Schema: public; Owner: taylor
--

ALTER TABLE ONLY public.auth_user_groups
    ADD CONSTRAINT auth_user_groups_pkey PRIMARY KEY (id);


--
-- Name: auth_user_groups auth_user_groups_user_id_group_id_94350c0c_uniq; Type: CONSTRAINT; Schema: public; Owner: taylor
--

ALTER TABLE ONLY public.auth_user_groups
    ADD CONSTRAINT auth_user_groups_user_id_group_id_94350c0c_uniq UNIQUE (user_id, group_id);


--
-- Name: auth_user auth_user_pkey; Type: CONSTRAINT; Schema: public; Owner: taylor
--

ALTER TABLE ONLY public.auth_user
    ADD CONSTRAINT auth_user_pkey PRIMARY KEY (id);


--
-- Name: auth_user_user_permissions auth_user_user_permissions_pkey; Type: CONSTRAINT; Schema: public; Owner: taylor
--

ALTER TABLE ONLY public.auth_user_user_permissions
    ADD CONSTRAINT auth_user_user_permissions_pkey PRIMARY KEY (id);


--
-- Name: auth_user_user_permissions auth_user_user_permissions_user_id_permission_id_14a6b632_uniq; Type: CONSTRAINT; Schema: public; Owner: taylor
--

ALTER TABLE ONLY public.auth_user_user_permissions
    ADD CONSTRAINT auth_user_user_permissions_user_id_permission_id_14a6b632_uniq UNIQUE (user_id, permission_id);


--
-- Name: auth_user auth_user_username_key; Type: CONSTRAINT; Schema: public; Owner: taylor
--

ALTER TABLE ONLY public.auth_user
    ADD CONSTRAINT auth_user_username_key UNIQUE (username);


--
-- Name: authtoken_token authtoken_token_pkey; Type: CONSTRAINT; Schema: public; Owner: taylor
--

ALTER TABLE ONLY public.authtoken_token
    ADD CONSTRAINT authtoken_token_pkey PRIMARY KEY (key);


--
-- Name: authtoken_token authtoken_token_user_id_key; Type: CONSTRAINT; Schema: public; Owner: taylor
--

ALTER TABLE ONLY public.authtoken_token
    ADD CONSTRAINT authtoken_token_user_id_key UNIQUE (user_id);


--
-- Name: cards2 cards2_pkey; Type: CONSTRAINT; Schema: public; Owner: taylor
--

ALTER TABLE ONLY public.cards2
    ADD CONSTRAINT cards2_pkey PRIMARY KEY (id);


--
-- Name: cards cards_pkey; Type: CONSTRAINT; Schema: public; Owner: taylor
--

ALTER TABLE ONLY public.cards
    ADD CONSTRAINT cards_pkey PRIMARY KEY (id);


--
-- Name: django_admin_log django_admin_log_pkey; Type: CONSTRAINT; Schema: public; Owner: taylor
--

ALTER TABLE ONLY public.django_admin_log
    ADD CONSTRAINT django_admin_log_pkey PRIMARY KEY (id);


--
-- Name: django_content_type django_content_type_app_label_model_76bd3d3b_uniq; Type: CONSTRAINT; Schema: public; Owner: taylor
--

ALTER TABLE ONLY public.django_content_type
    ADD CONSTRAINT django_content_type_app_label_model_76bd3d3b_uniq UNIQUE (app_label, model);


--
-- Name: django_content_type django_content_type_pkey; Type: CONSTRAINT; Schema: public; Owner: taylor
--

ALTER TABLE ONLY public.django_content_type
    ADD CONSTRAINT django_content_type_pkey PRIMARY KEY (id);


--
-- Name: django_migrations django_migrations_pkey; Type: CONSTRAINT; Schema: public; Owner: taylor
--

ALTER TABLE ONLY public.django_migrations
    ADD CONSTRAINT django_migrations_pkey PRIMARY KEY (id);


--
-- Name: django_session django_session_pkey; Type: CONSTRAINT; Schema: public; Owner: taylor
--

ALTER TABLE ONLY public.django_session
    ADD CONSTRAINT django_session_pkey PRIMARY KEY (session_key);


--
-- Name: gameapp_card gameapp_card_pkey; Type: CONSTRAINT; Schema: public; Owner: taylor
--

ALTER TABLE ONLY public.gameapp_card
    ADD CONSTRAINT gameapp_card_pkey PRIMARY KEY (id);


--
-- Name: gameapp_deck gameapp_deck_pkey; Type: CONSTRAINT; Schema: public; Owner: taylor
--

ALTER TABLE ONLY public.gameapp_deck
    ADD CONSTRAINT gameapp_deck_pkey PRIMARY KEY (id);


--
-- Name: token_blacklist_blacklistedtoken token_blacklist_blacklistedtoken_pkey; Type: CONSTRAINT; Schema: public; Owner: taylor
--

ALTER TABLE ONLY public.token_blacklist_blacklistedtoken
    ADD CONSTRAINT token_blacklist_blacklistedtoken_pkey PRIMARY KEY (id);


--
-- Name: token_blacklist_blacklistedtoken token_blacklist_blacklistedtoken_token_id_key; Type: CONSTRAINT; Schema: public; Owner: taylor
--

ALTER TABLE ONLY public.token_blacklist_blacklistedtoken
    ADD CONSTRAINT token_blacklist_blacklistedtoken_token_id_key UNIQUE (token_id);


--
-- Name: token_blacklist_outstandingtoken token_blacklist_outstandingtoken_jti_hex_d9bdf6f7_uniq; Type: CONSTRAINT; Schema: public; Owner: taylor
--

ALTER TABLE ONLY public.token_blacklist_outstandingtoken
    ADD CONSTRAINT token_blacklist_outstandingtoken_jti_hex_d9bdf6f7_uniq UNIQUE (jti);


--
-- Name: token_blacklist_outstandingtoken token_blacklist_outstandingtoken_pkey; Type: CONSTRAINT; Schema: public; Owner: taylor
--

ALTER TABLE ONLY public.token_blacklist_outstandingtoken
    ADD CONSTRAINT token_blacklist_outstandingtoken_pkey PRIMARY KEY (id);


--
-- Name: auth_group_name_a6ea08ec_like; Type: INDEX; Schema: public; Owner: taylor
--

CREATE INDEX auth_group_name_a6ea08ec_like ON public.auth_group USING btree (name varchar_pattern_ops);


--
-- Name: auth_group_permissions_group_id_b120cbf9; Type: INDEX; Schema: public; Owner: taylor
--

CREATE INDEX auth_group_permissions_group_id_b120cbf9 ON public.auth_group_permissions USING btree (group_id);


--
-- Name: auth_group_permissions_permission_id_84c5c92e; Type: INDEX; Schema: public; Owner: taylor
--

CREATE INDEX auth_group_permissions_permission_id_84c5c92e ON public.auth_group_permissions USING btree (permission_id);


--
-- Name: auth_permission_content_type_id_2f476e4b; Type: INDEX; Schema: public; Owner: taylor
--

CREATE INDEX auth_permission_content_type_id_2f476e4b ON public.auth_permission USING btree (content_type_id);


--
-- Name: auth_user_groups_group_id_97559544; Type: INDEX; Schema: public; Owner: taylor
--

CREATE INDEX auth_user_groups_group_id_97559544 ON public.auth_user_groups USING btree (group_id);


--
-- Name: auth_user_groups_user_id_6a12ed8b; Type: INDEX; Schema: public; Owner: taylor
--

CREATE INDEX auth_user_groups_user_id_6a12ed8b ON public.auth_user_groups USING btree (user_id);


--
-- Name: auth_user_user_permissions_permission_id_1fbb5f2c; Type: INDEX; Schema: public; Owner: taylor
--

CREATE INDEX auth_user_user_permissions_permission_id_1fbb5f2c ON public.auth_user_user_permissions USING btree (permission_id);


--
-- Name: auth_user_user_permissions_user_id_a95ead1b; Type: INDEX; Schema: public; Owner: taylor
--

CREATE INDEX auth_user_user_permissions_user_id_a95ead1b ON public.auth_user_user_permissions USING btree (user_id);


--
-- Name: auth_user_username_6821ab7c_like; Type: INDEX; Schema: public; Owner: taylor
--

CREATE INDEX auth_user_username_6821ab7c_like ON public.auth_user USING btree (username varchar_pattern_ops);


--
-- Name: authtoken_token_key_10f0b77e_like; Type: INDEX; Schema: public; Owner: taylor
--

CREATE INDEX authtoken_token_key_10f0b77e_like ON public.authtoken_token USING btree (key varchar_pattern_ops);


--
-- Name: django_admin_log_content_type_id_c4bce8eb; Type: INDEX; Schema: public; Owner: taylor
--

CREATE INDEX django_admin_log_content_type_id_c4bce8eb ON public.django_admin_log USING btree (content_type_id);


--
-- Name: django_admin_log_user_id_c564eba6; Type: INDEX; Schema: public; Owner: taylor
--

CREATE INDEX django_admin_log_user_id_c564eba6 ON public.django_admin_log USING btree (user_id);


--
-- Name: django_session_expire_date_a5c62663; Type: INDEX; Schema: public; Owner: taylor
--

CREATE INDEX django_session_expire_date_a5c62663 ON public.django_session USING btree (expire_date);


--
-- Name: django_session_session_key_c0390e0f_like; Type: INDEX; Schema: public; Owner: taylor
--

CREATE INDEX django_session_session_key_c0390e0f_like ON public.django_session USING btree (session_key varchar_pattern_ops);


--
-- Name: gameapp_card_deck_id_177982ae; Type: INDEX; Schema: public; Owner: taylor
--

CREATE INDEX gameapp_card_deck_id_177982ae ON public.gameapp_card USING btree (deck_id);


--
-- Name: token_blacklist_outstandingtoken_jti_hex_d9bdf6f7_like; Type: INDEX; Schema: public; Owner: taylor
--

CREATE INDEX token_blacklist_outstandingtoken_jti_hex_d9bdf6f7_like ON public.token_blacklist_outstandingtoken USING btree (jti varchar_pattern_ops);


--
-- Name: token_blacklist_outstandingtoken_user_id_83bc629a; Type: INDEX; Schema: public; Owner: taylor
--

CREATE INDEX token_blacklist_outstandingtoken_user_id_83bc629a ON public.token_blacklist_outstandingtoken USING btree (user_id);


--
-- Name: auth_group_permissions auth_group_permissio_permission_id_84c5c92e_fk_auth_perm; Type: FK CONSTRAINT; Schema: public; Owner: taylor
--

ALTER TABLE ONLY public.auth_group_permissions
    ADD CONSTRAINT auth_group_permissio_permission_id_84c5c92e_fk_auth_perm FOREIGN KEY (permission_id) REFERENCES public.auth_permission(id) DEFERRABLE INITIALLY DEFERRED;


--
-- Name: auth_group_permissions auth_group_permissions_group_id_b120cbf9_fk_auth_group_id; Type: FK CONSTRAINT; Schema: public; Owner: taylor
--

ALTER TABLE ONLY public.auth_group_permissions
    ADD CONSTRAINT auth_group_permissions_group_id_b120cbf9_fk_auth_group_id FOREIGN KEY (group_id) REFERENCES public.auth_group(id) DEFERRABLE INITIALLY DEFERRED;


--
-- Name: auth_permission auth_permission_content_type_id_2f476e4b_fk_django_co; Type: FK CONSTRAINT; Schema: public; Owner: taylor
--

ALTER TABLE ONLY public.auth_permission
    ADD CONSTRAINT auth_permission_content_type_id_2f476e4b_fk_django_co FOREIGN KEY (content_type_id) REFERENCES public.django_content_type(id) DEFERRABLE INITIALLY DEFERRED;


--
-- Name: auth_user_groups auth_user_groups_group_id_97559544_fk_auth_group_id; Type: FK CONSTRAINT; Schema: public; Owner: taylor
--

ALTER TABLE ONLY public.auth_user_groups
    ADD CONSTRAINT auth_user_groups_group_id_97559544_fk_auth_group_id FOREIGN KEY (group_id) REFERENCES public.auth_group(id) DEFERRABLE INITIALLY DEFERRED;


--
-- Name: auth_user_groups auth_user_groups_user_id_6a12ed8b_fk_auth_user_id; Type: FK CONSTRAINT; Schema: public; Owner: taylor
--

ALTER TABLE ONLY public.auth_user_groups
    ADD CONSTRAINT auth_user_groups_user_id_6a12ed8b_fk_auth_user_id FOREIGN KEY (user_id) REFERENCES public.auth_user(id) DEFERRABLE INITIALLY DEFERRED;


--
-- Name: auth_user_user_permissions auth_user_user_permi_permission_id_1fbb5f2c_fk_auth_perm; Type: FK CONSTRAINT; Schema: public; Owner: taylor
--

ALTER TABLE ONLY public.auth_user_user_permissions
    ADD CONSTRAINT auth_user_user_permi_permission_id_1fbb5f2c_fk_auth_perm FOREIGN KEY (permission_id) REFERENCES public.auth_permission(id) DEFERRABLE INITIALLY DEFERRED;


--
-- Name: auth_user_user_permissions auth_user_user_permissions_user_id_a95ead1b_fk_auth_user_id; Type: FK CONSTRAINT; Schema: public; Owner: taylor
--

ALTER TABLE ONLY public.auth_user_user_permissions
    ADD CONSTRAINT auth_user_user_permissions_user_id_a95ead1b_fk_auth_user_id FOREIGN KEY (user_id) REFERENCES public.auth_user(id) DEFERRABLE INITIALLY DEFERRED;


--
-- Name: authtoken_token authtoken_token_user_id_35299eff_fk_auth_user_id; Type: FK CONSTRAINT; Schema: public; Owner: taylor
--

ALTER TABLE ONLY public.authtoken_token
    ADD CONSTRAINT authtoken_token_user_id_35299eff_fk_auth_user_id FOREIGN KEY (user_id) REFERENCES public.auth_user(id) DEFERRABLE INITIALLY DEFERRED;


--
-- Name: django_admin_log django_admin_log_content_type_id_c4bce8eb_fk_django_co; Type: FK CONSTRAINT; Schema: public; Owner: taylor
--

ALTER TABLE ONLY public.django_admin_log
    ADD CONSTRAINT django_admin_log_content_type_id_c4bce8eb_fk_django_co FOREIGN KEY (content_type_id) REFERENCES public.django_content_type(id) DEFERRABLE INITIALLY DEFERRED;


--
-- Name: django_admin_log django_admin_log_user_id_c564eba6_fk_auth_user_id; Type: FK CONSTRAINT; Schema: public; Owner: taylor
--

ALTER TABLE ONLY public.django_admin_log
    ADD CONSTRAINT django_admin_log_user_id_c564eba6_fk_auth_user_id FOREIGN KEY (user_id) REFERENCES public.auth_user(id) DEFERRABLE INITIALLY DEFERRED;


--
-- Name: gameapp_card gameapp_card_deck_id_177982ae_fk_gameapp_deck_id; Type: FK CONSTRAINT; Schema: public; Owner: taylor
--

ALTER TABLE ONLY public.gameapp_card
    ADD CONSTRAINT gameapp_card_deck_id_177982ae_fk_gameapp_deck_id FOREIGN KEY (deck_id) REFERENCES public.gameapp_deck(id) DEFERRABLE INITIALLY DEFERRED;


--
-- Name: token_blacklist_blacklistedtoken token_blacklist_blacklistedtoken_token_id_3cc7fe56_fk; Type: FK CONSTRAINT; Schema: public; Owner: taylor
--

ALTER TABLE ONLY public.token_blacklist_blacklistedtoken
    ADD CONSTRAINT token_blacklist_blacklistedtoken_token_id_3cc7fe56_fk FOREIGN KEY (token_id) REFERENCES public.token_blacklist_outstandingtoken(id) DEFERRABLE INITIALLY DEFERRED;


--
-- Name: token_blacklist_outstandingtoken token_blacklist_outs_user_id_83bc629a_fk_auth_user; Type: FK CONSTRAINT; Schema: public; Owner: taylor
--

ALTER TABLE ONLY public.token_blacklist_outstandingtoken
    ADD CONSTRAINT token_blacklist_outs_user_id_83bc629a_fk_auth_user FOREIGN KEY (user_id) REFERENCES public.auth_user(id) DEFERRABLE INITIALLY DEFERRED;


--
-- PostgreSQL database dump complete
--

